ImageID,Moisture,Firmness,pH,TSS,Ethanol,CO2,Formaldehyde,Category
lithchi_fresh (1),78.84113653,2.852362604,4.876980952,16.64146162,0.142193371,389.5372354,0.049651542,Fresh
lithchi_fresh (2),79.84326638,2.902774049,4.902453388,18.69458167,0.334235074,243.7543417,0.012331849,Fresh
lithchi_fresh (3),79.56372882,2.327247642,4.509003278,16.71701302,0.317737955,265.2441014,0.040097033,Fresh
lithchi_fresh (4),76.56988517,3.589619097,4.981405179,18.77579836,0.193496317,351.2384468,0.035070979,Fresh
lithchi_fresh (5),79.98525455,3.387364452,4.863335496,16.91839264,0.355109657,278.7510283,0.077284008,Fresh
lithchi_fresh (6),76.66074361,2.441539226,4.652375548,16.4702052,0.428027001,321.6422754,0.080317051,Fresh
lithchi_fresh (7),77.27779789,2.164762091,4.914697332,16.66113796,0.116631584,288.9147002,0.015341288,Fresh
lithchi_fresh (8),80.22543984,3.360998604,4.640760599,16.00796854,0.299251977,348.4739874,0.036655119,Fresh
lithchi_fresh (9),79.54743029,3.309022429,4.93637692,18.87495847,0.375724165,245.6662505,0.037335316,Fresh
lithchi_fresh (10),80.94456387,2.546519054,4.556290195,18.9296042,0.200924771,211.6915974,0.015141044,Fresh
lithchi_fresh (11),79.60329025,3.901727125,4.851842989,18.0597334,0.223108362,259.9858795,0.079845351,Fresh
lithchi_fresh (12),78.97816022,2.302115784,4.770349238,16.6454512,0.345455161,294.861733,0.070722833,Fresh
lithchi_fresh (13),75.65572337,2.864669602,4.548267235,16.33421735,0.459174117,233.6040104,0.019038179,Fresh
lithchi_fresh (14),77.57401062,3.88723184,4.620946914,16.07651587,0.423969768,270.9594579,0.036672191,Fresh
lithchi_fresh (15),76.85641657,2.839454634,4.506202018,16.66299271,0.333252088,279.9966037,0.010580502,Fresh
lithchi_fresh (16),76.7079275,3.277051895,4.734383983,19.56342214,0.392088687,211.4783687,0.06282066,Fresh
lithchi_fresh (17),81.81107388,2.795188796,4.65063263,16.96614737,0.245928988,316.6614496,0.012137192,Fresh
lithchi_fresh (18),77.75168407,2.548430405,4.799178742,17.41708531,0.356386211,376.8686856,0.098593417,Fresh
lithchi_fresh (19),81.24432589,3.967955296,4.648618904,16.42138194,0.286472636,230.3485826,0.078068207,Fresh
lithchi_fresh (20),79.41797038,2.818668013,4.649959556,16.88944522,0.175974455,319.5616027,0.039023855,Fresh
lithchi_fresh (21),80.56367912,3.788198407,4.871596599,18.07689828,0.38069531,332.947841,0.057856393,Fresh
lithchi_fresh (22),78.51845965,2.459909212,4.524071418,18.43101073,0.322585855,283.8669361,0.091134182,Fresh
lithchi_fresh (23),79.03832719,2.426209408,4.951447498,16.98140926,0.243448633,340.2195175,0.055409928,Fresh
lithchi_fresh (24),78.44762386,2.062268166,4.926131937,16.23092864,0.464535676,282.1463087,0.017449849,Fresh
lithchi_fresh (25),76.36670091,3.303333651,4.833902342,17.56413148,0.108373647,300.9274576,0.037870336,Fresh
lithchi_fresh (26),80.05716481,2.737052687,4.796610785,16.93681348,0.22630926,201.4706089,0.084314487,Fresh
lithchi_fresh (27),76.96540654,3.7287165,4.946151249,16.87821569,0.122752559,338.3440228,0.064421302,Fresh
lithchi_fresh (28),75.17021177,2.946419813,4.59266509,19.83945121,0.406610926,332.2685358,0.065072438,Fresh
lithchi_fresh (29),79.51830607,3.936386856,4.539484581,18.46520194,0.380842982,207.6801755,0.086682149,Fresh
lithchi_fresh (30),76.23977476,2.371051031,4.619755085,18.22751377,0.232540887,273.6500215,0.089397306,Fresh
lithchi_fresh (31),81.58321009,3.737246336,4.897289139,17.66310041,0.370265161,395.8063682,0.091979257,Fresh
lithchi_fresh (32),81.67750004,3.553193706,4.517335133,17.71577733,0.25837489,284.1473125,0.009484919,Fresh
lithchi_fresh (33),81.40405073,3.541843689,4.791403418,18.16362002,0.402501517,300.389081,0.0544126,Fresh
lithchi_fresh (34),77.5911109,3.689566456,4.997718758,18.78571923,0.281673465,381.9860316,0.074050952,Fresh
lithchi_fresh (35),75.10819632,3.522047982,4.927848047,18.80858438,0.264911891,343.4523752,0.075692685,Fresh
lithchi_fresh (36),81.49822994,3.252440643,4.760722845,16.68677563,0.473891966,316.4140262,0.06067162,Fresh
lithchi_fresh (37),77.99728904,2.262489755,4.531820455,18.00045101,0.20035164,359.5609363,0.016678734,Fresh
lithchi_fresh (38),81.76658373,2.065052359,4.915686757,17.64783238,0.148178936,372.8732533,0.079742055,Fresh
lithchi_fresh (39),81.74533984,3.841695696,4.799489254,19.48210787,0.333817245,291.3776143,0.072011133,Fresh
lithchi_fresh (40),80.97106619,3.233300629,4.557466499,18.52567568,0.487728725,295.021673,0.008613577,Fresh
lithchi_fresh (41),77.06114224,3.593074582,4.546928642,18.13001627,0.251135685,277.2101871,0.046380982,Fresh
lithchi_fresh (42),77.6956841,2.963044703,4.95481341,16.46157857,0.124814705,393.341228,0.01739774,Fresh
lithchi_fresh (43),80.9579567,2.234616378,4.834600131,18.42255156,0.235722107,339.4332509,0.033747705,Fresh
lithchi_fresh (44),77.21845404,2.250371584,4.9146434,16.46881562,0.302372662,216.6446132,0.001808109,Fresh
lithchi_fresh (45),76.18644923,3.371130574,4.93948945,17.3488263,0.164769203,372.5919247,0.040032987,Fresh
lithchi_fresh (46),78.89760884,2.86061179,4.785886176,16.57136786,0.363240887,296.1119882,0.054987692,Fresh
lithchi_fresh (47),81.55308342,2.401049453,4.758723176,18.76829459,0.499099756,213.7507813,0.061958259,Fresh
lithchi_fresh (48),79.87220858,2.983189093,4.715213705,16.82500846,0.28069579,309.943451,0.066349035,Fresh
lithchi_fresh (49),78.99042819,2.128417874,4.658473294,17.56743749,0.241891423,283.4328558,0.083629131,Fresh
lithchi_fresh (50),75.68023546,3.163942804,4.71729798,19.58269911,0.260281667,375.549881,0.021546291,Fresh
lithchi_fresh (51),79.30505059,2.537986809,4.886939828,16.81726553,0.146058471,240.7989207,0.012048182,Fresh
lithchi_fresh (52),81.93037695,3.595118201,4.800961716,18.03122026,0.453309441,365.2929219,0.085153717,Fresh
lithchi_fresh (53),75.98058811,2.620723918,4.946261645,17.67708664,0.265930262,311.5377382,0.015661281,Fresh
lithchi_fresh (54),78.62830757,2.910440298,4.721690007,16.07249616,0.254909765,210.9220606,0.097476008,Fresh
lithchi_fresh (55),81.1416115,2.02324108,4.803544789,19.17103245,0.363876109,394.3690603,0.084253823,Fresh
lithchi_fresh (56),80.18538032,2.144893776,4.815653777,16.27618363,0.276813368,302.5230488,0.050087661,Fresh
lithchi_fresh (57),79.87911019,2.784987113,4.795848581,17.89702008,0.359293388,258.1753708,0.098142142,Fresh
lithchi_fresh (58),79.91738859,2.959877669,4.851316887,18.24271318,0.124578516,293.8813684,0.009737673,Fresh
lithchi_fresh (59),77.51643806,3.200041096,4.618716734,18.51370583,0.425489337,371.5715567,0.030306576,Fresh
lithchi_fresh (60),77.05514291,2.583325157,4.756181889,18.75452652,0.476201581,260.9806249,0.063822442,Fresh
lithchi_fresh (61),80.66552809,3.389963772,4.552112401,17.01308953,0.359506154,238.5352793,0.035000687,Fresh
lithchi_fresh (62),80.67079376,3.720244794,4.692255664,16.03991511,0.481826372,225.8142494,0.092837255,Fresh
lithchi_fresh (63),81.06950623,3.559701978,4.743833534,18.89377465,0.160572926,259.5718797,0.006562609,Fresh
lithchi_fresh (64),81.39268387,2.079237651,4.82611213,18.1426264,0.290966476,356.0096174,0.054941183,Fresh
lithchi_fresh (65),78.57939679,2.961013895,4.975265526,19.34447081,0.340722694,294.325273,0.059086627,Fresh
lithchi_fresh (66),78.51061406,2.209860357,4.800325533,19.28555345,0.332694659,245.4963207,0.065272812,Fresh
lithchi_fresh (67),80.58806625,2.484090032,4.871796958,19.37330467,0.260584712,233.2369999,0.025566622,Fresh
lithchi_fresh (68),79.54974752,3.973325187,4.75313303,17.94037864,0.235233764,266.5458953,0.036456643,Fresh
lithchi_fresh (69),79.91376814,2.284991086,4.817052016,17.33451358,0.150729609,387.9848746,0.084368053,Fresh
lithchi_fresh (70),80.57054869,2.997776307,4.535466108,19.16623281,0.25669698,268.6053425,0.019494277,Fresh
lithchi_fresh (71),81.23003739,3.236311469,4.62719579,17.80517645,0.165064326,397.6248152,0.082686785,Fresh
lithchi_fresh (72),77.3659661,3.404929941,4.680926547,16.73376879,0.393746271,297.0460912,0.056265542,Fresh
lithchi_fresh (73),77.62908067,3.119297367,4.736246678,19.41989608,0.183532374,235.8327837,0.076218751,Fresh
lithchi_fresh (74),75.65787358,2.019541695,4.522824373,19.53023951,0.123426122,378.2280184,0.071360737,Fresh
lithchi_fresh (75),79.04796099,2.652922616,4.570012049,17.86523902,0.320946455,292.0710746,0.02075115,Fresh
lithchi_fresh (76),75.25159592,3.035423287,4.638407154,16.30279891,0.338091893,341.9342687,0.056881274,Fresh
lithchi_fresh (77),78.25918613,2.175732998,4.985766345,17.55130436,0.448765225,396.7423166,0.086772315,Fresh
lithchi_fresh (78),78.79851244,2.701253862,4.665673504,19.21415064,0.330792645,210.0350701,0.043211624,Fresh
lithchi_fresh (79),77.00578876,2.066406218,4.741020529,19.60709611,0.238192341,219.338912,0.096659077,Fresh
lithchi_fresh (80),79.13583282,2.157156994,4.598048856,16.81389097,0.421204753,344.0913483,0.04522151,Fresh
lithchi_fresh (81),75.21350175,2.793846552,4.805390036,16.26789445,0.316111557,256.3650007,0.014278564,Fresh
lithchi_fresh (82),75.26143732,2.265431508,4.640341608,19.50940181,0.131712114,236.8602794,0.038943468,Fresh
lithchi_fresh (83),80.75820392,3.135081697,4.603496289,17.55761976,0.326340224,207.872376,0.095170241,Fresh
lithchi_fresh (84),77.52133449,3.378929938,4.758286314,18.16704386,0.463207418,204.3693424,0.031972085,Fresh
lithchi_fresh (85),75.88942359,3.601173398,4.5027529,19.87226325,0.25852505,354.8971206,0.086809816,Fresh
lithchi_fresh (86),78.65570282,2.400300488,4.503832016,16.26625891,0.218530321,226.8866855,0.088125068,Fresh
lithchi_fresh (87),80.38995487,2.334965165,4.609534405,18.59327203,0.157387783,293.5441232,0.035018652,Fresh
lithchi_fresh (88),76.51074719,2.209135681,4.518360681,16.29642169,0.160578209,321.179363,0.008325766,Fresh
lithchi_fresh (89),79.36023333,3.272860499,4.554012877,17.50187571,0.273108594,285.6703601,0.072455791,Fresh
lithchi_fresh (90),75.59743225,3.412951453,4.669430325,19.21525818,0.33827193,205.4213305,0.03115123,Fresh
lithchi_fresh (91),75.36177205,2.06317229,4.90129284,17.73388893,0.132246162,356.7003005,0.078292361,Fresh
lithchi_fresh (92),78.71948242,3.872424492,4.786024322,19.98872942,0.475827436,202.1026449,0.044265485,Fresh
lithchi_fresh (93),78.78444585,2.103942567,4.756333863,18.23623714,0.402053447,352.3779789,0.048526674,Fresh
lithchi_fresh (94),79.46200931,3.082592671,4.646744412,17.28464861,0.334649567,378.6608988,0.077790941,Fresh
lithchi_fresh (95),80.08263934,3.418121039,4.96587686,16.8804453,0.431375468,286.5679842,0.038236333,Fresh
lithchi_fresh (96),81.83096456,3.741938247,4.698507521,17.40208214,0.132074703,307.1084946,0.044312735,Fresh
lithchi_fresh (97),78.61410244,3.428173864,4.543546383,17.4901331,0.290735551,295.3966785,0.037619047,Fresh
lithchi_fresh (98),77.26069531,3.603456166,4.808533258,16.27485471,0.352037251,277.8417237,0.036734052,Fresh
lithchi_fresh (99),80.56630336,2.678900385,4.556919197,17.4782968,0.431461162,377.4849071,0.052594658,Fresh
lithchi_fresh (100),76.89582576,3.629650227,4.672611571,17.85695408,0.413387824,378.7867021,0.080879944,Fresh
lithchi_fresh (101),78.07279994,2.160229693,4.753705969,18.89095101,0.2108277,267.1632729,0.036176831,Fresh
lithchi_fresh (102),75.54919467,3.789633312,4.937111262,18.62691794,0.476352068,323.0139508,0.052425472,Fresh
lithchi_fresh (103),75.1774552,3.095184752,4.74677329,18.83506262,0.149738337,385.3815124,0.067072733,Fresh
lithchi_fresh (104),81.7385389,3.63459554,4.851129383,16.03345473,0.450053447,392.4116998,0.026943945,Fresh
lithchi_fresh (105),80.85186084,2.904636569,4.996408419,16.8706696,0.4883761,301.7918081,0.02775228,Fresh
lithchi_fresh (106),79.87181944,3.28715539,4.56574456,18.64673715,0.170861409,290.5649611,0.093341313,Fresh
lithchi_fresh (107),77.86267061,3.052805322,4.637365763,17.93595747,0.388826426,255.7388632,0.072353457,Fresh
lithchi_fresh (108),76.21306024,3.463179044,4.697288038,16.0212539,0.116114208,391.7743746,0.057718668,Fresh
lithchi_fresh (109),76.0950593,2.163259964,4.710914089,19.21797857,0.26216913,228.5628609,0.064772005,Fresh
lithchi_fresh (110),76.75170029,2.120704168,4.705510538,19.09123829,0.30651332,315.9659152,0.002929944,Fresh
lithchi_fresh (111),78.84458665,2.494206468,4.953805501,18.19367665,0.33225809,256.5100535,0.061810297,Fresh
lithchi_fresh (112),80.00217146,2.31908936,4.857016322,16.2658533,0.474374899,255.8016581,0.050950887,Fresh
lithchi_fresh (113),79.62138164,3.743567133,4.803952607,19.0660602,0.368900275,280.9937175,0.054574968,Fresh
lithchi_fresh (114),76.95953728,2.438427975,4.654686359,18.33485435,0.29251118,399.7585872,0.035942383,Fresh
lithchi_fresh (115),81.68405696,3.951730512,4.911895192,19.12783991,0.423870015,210.9932614,0.00814739,Fresh
lithchi_fresh (116),80.16527842,2.673791584,4.977530256,19.00698797,0.480213128,315.7083636,0.019333923,Fresh
lithchi_fresh (117),78.88047837,2.364235831,4.910599141,19.21200829,0.108826459,216.5144316,0.095074471,Fresh
lithchi_fresh (118),79.28204522,3.579397014,4.500782553,18.07203227,0.493008509,230.904166,0.040869956,Fresh
lithchi_fresh (119),77.93720044,3.317415551,4.818200685,16.56129807,0.134452856,287.9125884,0.046668316,Fresh
lithchi_fresh (120),76.73411693,2.996391433,4.525567691,18.68462989,0.425754712,302.0920263,0.005270979,Fresh
lithchi_fresh (121),77.49180875,3.110727102,4.62880361,18.48189514,0.212133901,251.7584817,0.003756623,Fresh
lithchi_fresh (122),80.30492277,3.438403557,4.52976235,18.96901275,0.152871863,263.2914262,0.071718145,Fresh
lithchi_fresh (123),75.10075442,2.456909483,4.801897726,16.67952402,0.275942256,217.3934041,0.053809466,Fresh
lithchi_fresh (124),75.81250848,3.992667832,4.843294957,16.7799008,0.357582632,260.6439568,0.050870598,Fresh
lithchi_fresh (125),75.32201849,3.949586324,4.557243819,19.56163807,0.252380738,393.3116879,0.024312453,Fresh
lithchi_fresh (126),75.28510162,3.300651373,4.691919442,18.99991119,0.121826163,388.9414763,0.074475073,Fresh
lithchi_fresh (127),80.98822409,2.399084902,4.728118254,19.63291395,0.339784456,266.975658,0.016823658,Fresh
lithchi_fresh (128),79.92560502,3.360456485,4.684526511,19.03486128,0.46096131,314.1707873,0.018993474,Fresh
lithchi_fresh (129),78.3192168,2.144396818,4.5605125,18.38862122,0.253286146,381.9190782,0.046071217,Fresh
lithchi_fresh (130),75.68483912,2.061305004,4.709473895,18.61653095,0.186533111,201.2367645,0.028627986,Fresh
lithchi_fresh (131),78.44131113,2.515365777,4.875589024,19.5565117,0.277030938,362.1367141,0.024746298,Fresh
lithchi_fresh (132),78.3143024,2.925245913,4.535503832,18.31522702,0.119345084,389.6739106,0.064523764,Fresh
lithchi_fresh (133),76.21241309,3.736545011,4.540090007,18.5295653,0.428195034,218.2651469,0.065097175,Fresh
lithchi_fresh (134),78.03696154,3.45433814,4.677385646,16.62590686,0.430536324,232.2895372,0.082451707,Fresh
lithchi_fresh (135),77.78953314,3.485413042,4.970862856,17.89568488,0.335200185,392.1492606,0.041770857,Fresh
lithchi_fresh (136),79.31095069,2.850986669,4.834286323,18.86558845,0.241241156,307.5080287,0.007308509,Fresh
lithchi_fresh (137),79.44565556,2.691869985,4.839334978,17.08377079,0.419913346,202.8393269,0.027366638,Fresh
lithchi_fresh (138),75.31712807,2.742077526,4.680959995,16.80901672,0.32187481,251.5263998,0.098000546,Fresh
lithchi_fresh (139),77.6222883,3.975299127,4.796830396,17.25530723,0.430372923,289.9887349,0.059625858,Fresh
lithchi_fresh (140),79.38101941,2.080218383,4.505065592,16.96600251,0.352583517,338.5817822,0.070973708,Fresh
lithchi_fresh (141),78.52195381,3.734062992,4.818048023,16.85965055,0.413762189,346.6320756,0.000735783,Fresh
lithchi_fresh (142),80.99542889,3.157350817,4.956643474,17.69940337,0.339425197,399.0843026,0.051820573,Fresh
lithchi_fresh (143),79.61085542,2.877230838,4.806286734,19.63135406,0.265656427,257.5022399,0.003752866,Fresh
lithchi_fresh (144),76.14054099,3.450515321,4.936849297,18.02823859,0.483178344,307.6440204,0.056923021,Fresh
lithchi_fresh (145),75.49398123,2.973337883,4.861986528,16.75168152,0.31644553,306.6647096,0.092077085,Fresh
lithchi_fresh (146),79.49693495,3.746846476,4.560279208,16.30788668,0.342035807,281.1290519,0.096841913,Fresh
lithchi_fresh (147),75.18557917,3.801403728,4.951226654,18.78462458,0.188195056,233.8323788,0.054055268,Fresh
lithchi_fresh (148),79.10042907,2.843441854,4.533221922,17.53119506,0.350260316,395.4913126,0.045820481,Fresh
lithchi_fresh (149),81.58161169,2.553655594,4.766983736,19.28732379,0.32864306,370.6634373,0.094501709,Fresh
lithchi_fresh (150),79.02831925,3.184700657,4.571068562,18.63804307,0.173935359,299.6666057,0.067360983,Fresh
lithchi_fresh (151),77.71718948,3.824726691,4.505853305,19.1849658,0.123834839,320.6490845,0.006489928,Fresh
lithchi_fresh (152),79.50301753,2.421324378,4.71101713,17.08778416,0.341743728,245.4522107,0.046572558,Fresh
lithchi_fresh (153),78.20777023,3.245933167,4.647520354,18.76943569,0.405476908,308.7574141,0.024024502,Fresh
lithchi_fresh (154),78.81931753,3.26312044,4.743000247,17.05624794,0.309360548,338.9940266,0.046980432,Fresh
lithchi_fresh (155),81.59025366,3.466226045,4.788599943,19.75627392,0.19070905,303.0334057,0.045546557,Fresh
lithchi_fresh (156),77.70271846,2.26313537,4.521869536,18.54549713,0.366608791,398.0570341,0.05821448,Fresh
lithchi_fresh (157),81.72833395,3.431649929,4.561501648,17.2980472,0.132042291,322.2683312,0.035677049,Fresh
lithchi_fresh (158),81.33745449,3.818065041,4.779321198,17.07804745,0.276733482,274.1947425,0.016427045,Fresh
lithchi_fresh (159),76.37053794,2.359366218,4.671583677,16.76370634,0.165346703,354.4304055,0.050371943,Fresh
lithchi_fresh (160),75.48552911,2.47508665,4.864586744,18.77856384,0.17378362,234.0925023,0.083020288,Fresh
lithchi_fresh (161),75.70544601,3.942790188,4.826145824,16.87486245,0.18091758,276.9031627,0.066401223,Fresh
lithchi_fresh (162),75.12755278,2.361953905,4.922802181,18.38121306,0.254682823,269.3917901,0.033836787,Fresh
lithchi_fresh (163),75.66110073,3.708770187,4.846246413,17.05854011,0.120460082,286.361419,0.093552302,Fresh
lithchi_fresh (164),79.78104741,2.984555713,4.714965539,18.64787578,0.259117376,356.3559652,0.091220757,Fresh
lithchi_fresh (165),75.49832054,2.494462149,4.836483311,19.25975891,0.304682979,296.8346064,0.02093484,Fresh
lithchi_fresh (166),77.23282941,3.741499803,4.637690587,19.11210097,0.293317714,358.8028901,0.003941759,Fresh
lithchi_fresh (167),80.91412718,2.89061051,4.653156749,19.04340532,0.25311364,315.2977806,0.074130871,Fresh
lithchi_fresh (168),75.16290355,3.029634708,4.89449258,16.75088962,0.435658643,268.4138869,0.082761026,Fresh
lithchi_fresh (169),80.70127938,2.718466739,4.723209758,16.35353979,0.158130677,361.9957487,0.096786457,Fresh
lithchi_fresh (170),76.97298342,3.185901703,4.89919017,18.79579531,0.302278698,247.6579341,0.088983639,Fresh
lithchi_fresh (171),75.82715379,2.327047745,4.911211187,17.47338886,0.124816567,244.876596,0.060053477,Fresh
lithchi_fresh (172),79.87716016,2.782163073,4.928781169,17.72938491,0.128462272,300.9005848,0.053005234,Fresh
lithchi_fresh (173),79.40259993,3.938824645,4.958317618,16.12459637,0.32954634,252.1698492,0.002784105,Fresh
lithchi_fresh (174),81.14230409,2.516266865,4.71549261,17.0383058,0.32640737,201.817407,0.024665645,Fresh
lithchi_fresh (175),80.14549731,3.313473329,4.659433409,16.13470562,0.451213405,329.6595055,0.045961475,Fresh
lithchi_fresh (176),80.62436651,2.650380128,4.791099373,19.51674309,0.32314947,302.2187643,0.06285039,Fresh
lithchi_fresh (177),76.97424201,3.546946251,4.685586212,16.97358673,0.483916408,289.1035629,0.055725183,Fresh
lithchi_fresh (178),76.24207681,2.261747321,4.800537083,18.22934868,0.119477939,393.3937029,0.074263599,Fresh
lithchi_fresh (179),80.25430326,3.93964209,4.852792931,16.15591728,0.139203074,314.2398368,0.027976693,Fresh
lithchi_fresh (180),80.64784317,2.907579083,4.844202509,18.66738957,0.117626345,372.6863156,0.056495261,Fresh
lithchi_fresh (181),81.93353599,2.472100927,4.687276444,17.29210938,0.17411074,227.8900472,0.008814224,Fresh
lithchi_fresh (182),77.88832374,2.146993495,4.583430101,19.59167675,0.316508044,313.8412926,0.041366552,Fresh
lithchi_fresh (183),77.6041266,2.33951581,4.715264669,19.55247276,0.358228873,373.5959253,0.075016083,Fresh
lithchi_fresh (184),80.43489073,3.039547897,4.571297072,17.30116247,0.118234063,316.6211515,0.069340085,Fresh
lithchi_fresh (185),77.38562478,2.674006353,4.945048518,19.60384358,0.478388356,343.6028356,0.099064274,Fresh
lithchi_fresh (186),81.51530128,3.657766732,4.67293873,19.98463069,0.436866151,274.4087136,0.027789113,Fresh
lithchi_fresh (187),81.00888926,2.861775047,4.577229874,19.30166266,0.218644993,218.4899034,0.04981893,Fresh
lithchi_fresh (188),78.00295819,2.497428545,4.51272388,19.37948539,0.130875012,291.580059,0.032953041,Fresh
lithchi_fresh (189),80.25609747,3.234289973,4.822911193,16.99603494,0.167954829,278.8958782,0.044060311,Fresh
lithchi_fresh (190),80.28180012,3.413554434,4.818451159,18.3068096,0.150777766,373.4120365,0.085695013,Fresh
lithchi_fresh (191),75.72186708,2.334083816,4.670302083,16.26902366,0.149313512,248.7990605,0.068420908,Fresh
lithchi_fresh (192),81.31787035,2.335238433,4.535855944,16.37967175,0.307424675,393.3468455,0.088244119,Fresh
lithchi_fresh (193),78.53676661,2.073342854,4.704814447,19.99557045,0.198338977,391.627624,0.020351111,Fresh
lithchi_fresh (194),80.78520226,3.47280403,4.655608748,17.306557,0.243255887,249.5263286,0.087336112,Fresh
lithchi_fresh (195),77.24034721,3.327609055,4.83856032,18.99273565,0.495802133,269.6103911,0.005976227,Fresh
lithchi_fresh (196),81.2686626,2.949261751,4.802889625,19.22666021,0.3737257,379.1111482,0.088859928,Fresh
lithchi_fresh (197),77.72441175,3.688340898,4.682296864,19.43209308,0.479592267,393.3244442,0.032907378,Fresh
lithchi_fresh (198),75.07586356,3.611340306,4.608946277,19.99051319,0.157022622,288.6878206,0.031458763,Fresh
lithchi_fresh (199),81.33767383,3.170708729,4.994017983,16.96598594,0.25285579,264.1994091,0.051208858,Fresh
lithchi_fresh (200),75.63900674,3.736542561,4.727000811,16.16140331,0.321892721,305.2188027,0.094069019,Fresh
lithchi_fresh (201),77.23519546,2.41168242,4.844137118,17.64476607,0.130703225,337.5538413,0.004778136,Fresh
lithchi_fresh (202),81.65043377,2.223839239,4.570276484,16.52032268,0.101674977,254.6949031,0.035223098,Fresh
lithchi_fresh (203),81.65425003,2.539499223,4.74279485,16.08970356,0.368173734,347.2946349,0.085657199,Fresh
lithchi_fresh (204),79.01406522,2.114173712,4.51376836,17.44170731,0.356727807,210.3314714,0.039605448,Fresh
lithchi_fresh (205),79.42286049,3.062339056,4.752727559,19.134953,0.264315524,209.8588986,0.01991569,Fresh
lithchi_fresh (206),78.13911865,3.873211385,4.982008704,18.26472276,0.29585763,277.257541,0.042479418,Fresh
lithchi_fresh (207),77.0524754,2.078687081,4.692103356,17.25111196,0.2661772,270.6946384,0.03855525,Fresh
lithchi_fresh (208),77.30065182,2.244219828,4.519498006,18.61736802,0.109602018,263.1266431,0.09154162,Fresh
lithchi_fresh (209),79.70762919,2.904398057,4.515477895,16.92807272,0.234148642,298.2039525,0.076193438,Fresh
lithchi_fresh (210),80.26662171,3.867750035,4.69399338,16.05752578,0.170832902,264.1467165,0.050511556,Fresh
lithchi_fresh (211),80.54105331,2.63231221,4.580012468,19.05741355,0.139369676,238.4515837,0.098837057,Fresh
lithchi_fresh (212),80.527327,3.014469617,4.511676048,18.49497234,0.482688174,261.8939098,0.046527753,Fresh
lithchi_fresh (213),75.63844272,2.083145718,4.878106807,19.0492105,0.33974389,394.9808546,0.005823783,Fresh
lithchi_fresh (214),78.46094213,2.296686402,4.729261504,16.15575207,0.391462514,282.2226834,0.026227432,Fresh
lithchi_fresh (215),75.40291132,3.973260246,4.644622386,19.34847851,0.226145497,288.9425554,0.043607048,Fresh
lithchi_fresh (216),78.84670218,3.930237393,4.950041592,18.4781048,0.257258852,315.308998,0.015690262,Fresh
lithchi_fresh (217),78.09071351,2.009879962,4.55806948,18.2535814,0.194769598,396.6681537,0.094756513,Fresh
lithchi_fresh (218),81.21392928,3.903623571,4.977959414,18.49845619,0.138786268,248.3202553,0.07668489,Fresh
lithchi_fresh (219),77.45640509,3.278239876,4.656983359,19.45773299,0.171612655,336.2564221,0.02682872,Fresh
lithchi_fresh (220),75.81946911,3.735836589,4.944201836,18.34774603,0.419005618,343.1969387,0.059080453,Fresh
lithchi_fresh (221),76.00094177,2.909479711,4.801471438,18.32380152,0.371018322,321.4648834,0.072144916,Fresh
lithchi_fresh (222),80.33057442,3.031192057,4.91335368,19.96271663,0.31877155,217.7156679,0.094127893,Fresh
lithchi_fresh (223),79.32752644,2.977693161,4.992006582,19.02692067,0.290035949,335.3744552,0.088163535,Fresh
lithchi_fresh (224),75.70785873,3.333728515,4.644202719,17.76917522,0.468973713,212.8189422,0.051519223,Fresh
lithchi_fresh (225),75.58874764,2.27930251,4.980567743,18.829588,0.129093979,319.2285299,0.077465262,Fresh
lithchi_fresh (226),79.90678392,2.05994718,4.694740947,17.55692189,0.212240325,347.9162354,0.056214475,Fresh
lithchi_fresh (227),75.50934104,2.615859883,4.692755952,16.91550185,0.239975141,242.1939781,0.055270389,Fresh
lithchi_fresh (228),80.75302042,3.409361525,4.670193552,18.38740751,0.412970325,368.3244015,0.011474196,Fresh
lithchi_fresh (229),79.94369559,2.403706904,4.770703804,19.71272839,0.497005848,206.0707611,0.012613766,Fresh
lithchi_fresh (230),75.56944146,3.346864867,4.577072522,19.71655808,0.196268206,368.7625727,0.052953362,Fresh
lithchi_fresh (231),75.593864,3.939824092,4.776855743,17.36762111,0.449722934,292.0658101,0.026886154,Fresh
lithchi_fresh (232),81.90647705,2.187801432,4.770852406,18.11070986,0.432249104,243.517588,0.00210369,Fresh
lithchi_fresh (233),77.61989557,3.345204236,4.880950906,16.84654359,0.189862959,226.755629,0.07228392,Fresh
lithchi_fresh (234),77.59449503,2.887500439,4.916824981,19.98252444,0.259733032,390.6614335,0.00324866,Fresh
lithchi_fresh (235),80.68959697,3.736284509,4.720220675,19.92447163,0.263869148,214.5331175,0.059527684,Fresh
lithchi_fresh (236),81.63074004,2.354299579,4.651166625,18.59803572,0.491288267,239.818684,0.053919379,Fresh
lithchi_fresh (237),81.90200745,3.385251904,4.629667449,19.21765624,0.172356761,269.5644695,0.096881469,Fresh
lithchi_fresh (238),80.2736473,3.676230579,4.597311918,18.86040065,0.419663188,324.0469698,0.048421314,Fresh
lithchi_fresh (239),77.6338171,3.889228439,4.528823791,18.37263288,0.233677086,308.9602171,0.006360144,Fresh
lithchi_fresh (240),75.58450502,3.366496057,4.671223989,16.21339199,0.392348138,225.1286985,0.055168797,Fresh
lithchi_fresh (241),80.44002841,2.994349528,4.635123846,17.81905737,0.268004402,257.9455967,0.084109617,Fresh
lithchi_fresh (242),78.90882975,3.23569448,4.983208693,18.69914521,0.331343905,247.7503542,0.099684928,Fresh
lithchi_fresh (243),77.96955406,3.737809969,4.778854413,18.71012646,0.433044709,242.7085709,0.043034317,Fresh
lithchi_fresh (244),81.3444807,3.141219493,4.67363852,17.49249047,0.421666226,282.2288673,0.032029874,Fresh
lithchi_fresh (245),75.77838238,2.060774119,4.7902338,19.76676795,0.446569273,340.8062905,0.09066533,Fresh
lithchi_fresh (246),78.44837573,3.861897391,4.569598351,16.66942813,0.12384693,243.4905864,0.019124213,Fresh
lithchi_fresh (247),75.07947551,3.379053502,4.722021875,18.00143778,0.376820221,273.3357759,0.061542892,Fresh
lithchi_fresh (248),78.28062449,3.353026772,4.813117161,18.76353591,0.155994951,278.1834854,0.040571442,Fresh
lithchi_fresh (249),75.39412293,2.431350305,4.744448916,18.78854322,0.266327427,395.2913059,0.004108236,Fresh
lithchi_fresh (250),75.83172541,3.31777094,4.7008894,18.59455583,0.319435366,390.9332714,0.034728847,Fresh
lithchi_fresh (251),75.82268373,2.787728811,4.996924194,17.10115285,0.261095794,360.0275166,0.026522852,Fresh
lithchi_fresh (252),79.54447211,3.302465954,4.940157381,16.62482627,0.30784467,248.3317842,0.068609115,Fresh
lithchi_fresh (253),80.22231415,2.213186061,4.811702979,18.54376131,0.498610524,213.6074628,0.09487905,Fresh
lithchi_fresh (254),79.08358136,3.315690609,4.784688681,18.39720846,0.154086925,263.3808275,0.026804719,Fresh
lithchi_fresh (255),81.73520784,3.998827452,4.81033024,16.71742404,0.370182418,253.3589099,0.081146594,Fresh
lithchi_fresh (256),77.62409406,2.096424078,4.600656054,18.82055658,0.258400387,301.18516,0.005535982,Fresh
lithchi_fresh (257),76.9999846,3.954348368,4.697568872,17.82068797,0.15320392,355.545582,0.053812101,Fresh
lithchi_fresh (258),81.0801939,2.813815921,4.519729766,18.67104237,0.163494705,371.6645878,0.007055006,Fresh
lithchi_fresh (259),76.56517087,3.741506901,4.737773019,19.34946832,0.479709242,368.9728171,0.093403299,Fresh
lithchi_fresh (260),81.74255778,3.564770968,4.771512292,16.67891371,0.451840599,271.9351122,0.076635128,Fresh
lithchi_fresh (261),75.08508132,3.134032522,4.613874868,16.07657947,0.462816784,337.4468687,0.065794991,Fresh
lithchi_fresh (262),81.78915179,3.476898419,4.982014424,19.11641035,0.49661311,262.5668395,0.082389638,Fresh
lithchi_fresh (263),75.30211938,3.757031123,4.954727305,18.4387897,0.183326156,212.1811086,0.06475198,Fresh
lithchi_fresh (264),81.2380018,2.808280643,4.861071618,18.79855828,0.242175735,340.3130531,0.09689444,Fresh
lithchi_fresh (265),78.69390776,2.654066323,4.766693314,19.3526199,0.367687612,201.9655105,0.071395795,Fresh
lithchi_fresh (266),81.95075357,3.335186771,4.93498458,19.21124374,0.293521016,281.8365175,0.092465861,Fresh
lithchi_fresh (267),75.51657595,3.615691884,4.565326172,19.84368059,0.267355813,265.8758539,0.051713189,Fresh
lithchi_fresh (268),78.87697999,3.52457027,4.895254897,18.14374032,0.2431245,338.6755077,0.011706441,Fresh
lithchi_fresh (269),81.78511775,3.595627298,4.562410407,17.95398253,0.337512253,353.2490946,0.052817772,Fresh
lithchi_fresh (270),78.66168491,2.87116663,4.897105331,17.6075488,0.330237371,260.8189272,0.012687283,Fresh
lithchi_fresh (271),79.40579047,3.635668432,4.637883784,16.61476417,0.164583134,362.3254029,0.059249348,Fresh
lithchi_fresh (272),79.87024082,2.240418111,4.938545291,18.29042893,0.288695935,258.7833521,0.048249306,Fresh
lithchi_fresh (273),78.18178745,3.088978196,4.972021047,17.1080501,0.32138871,289.265272,0.06225754,Fresh
lithchi_fresh (274),79.39290656,2.011517321,4.574397985,19.68523005,0.328114775,345.4037054,0.001004698,Fresh
lithchi_fresh (275),79.09020018,2.64917166,4.731337803,18.33276322,0.184042877,338.5840458,0.019484049,Fresh
lithchi_fresh (276),81.30810607,2.73292307,4.990493689,18.37136072,0.396908557,397.4736945,0.049133043,Fresh
lithchi_fresh (277),75.31812466,2.792345383,4.741703718,17.41969864,0.110079638,245.0322048,0.095050356,Fresh
lithchi_fresh (278),76.96674233,3.390934413,4.931773761,16.20795741,0.241932742,332.4635827,0.038360904,Fresh
lithchi_fresh (279),81.65288039,2.777116203,4.794365761,16.12697506,0.412085059,321.9363817,0.042437203,Fresh
lithchi_fresh (280),81.23184649,2.897387245,4.687664954,17.69334058,0.325557168,383.0196909,0.071469609,Fresh
lithchi_fresh (281),78.18959727,2.475088262,4.642891778,16.33826151,0.204464973,231.2724283,0.060379276,Fresh
lithchi_fresh (282),79.34092818,2.746503583,4.601611546,18.42738782,0.377981248,350.3596327,0.029892615,Fresh
lithchi_fresh (283),76.94166828,2.454539255,4.880899096,19.52389202,0.326956378,313.6537233,0.04108164,Fresh
lithchi_fresh (284),76.31684812,2.146391848,4.693270253,19.53165927,0.418497444,254.933174,0.02176998,Fresh
lithchi_fresh (285),78.24588883,3.206897187,4.755637731,18.63618164,0.394010074,294.8869828,0.096602146,Fresh
lithchi_fresh (286),77.4734656,3.336425597,4.74616274,16.84492733,0.344043169,266.7553194,0.013063438,Fresh
lithchi_fresh (287),79.08559278,3.238980692,4.788639515,19.45198733,0.29527107,315.8626806,0.037183678,Fresh
lithchi_fresh (288),75.54414246,2.926988088,4.932788573,19.54437374,0.15327285,377.8001222,0.002583897,Fresh
lithchi_fresh (289),81.82076365,2.75957156,4.990369672,16.78661434,0.204533207,313.8609969,0.022177949,Fresh
lithchi_fresh (290),81.90347521,3.726667299,4.703792104,18.94970434,0.267639789,326.3444837,0.078047114,Fresh
lithchi_fresh (291),79.887132,3.03816357,4.913759461,17.1460782,0.339719715,303.7495694,0.020117523,Fresh
lithchi_fresh (292),78.75267456,2.958363755,4.882263897,19.21056125,0.305483142,210.2331013,0.00800634,Fresh
lithchi_fresh (293),77.16669331,2.051284132,4.786764476,19.9889516,0.21527381,246.5717114,0.047445318,Fresh
lithchi_fresh (294),80.69656514,2.682495655,4.978023572,16.12010402,0.102585743,298.4003459,0.000996923,Fresh
lithchi_fresh (295),79.79311821,2.760391238,4.600237258,19.58946346,0.298495689,262.0470567,0.008476615,Fresh
lithchi_fresh (296),76.13831858,2.797645562,4.554632105,18.49052213,0.214250395,236.3527196,0.080762587,Fresh
lithchi_fresh (297),81.37649029,3.160344738,4.926980983,19.89353048,0.39384332,300.8265684,0.077147334,Fresh
lithchi_fresh (298),80.7577607,3.067205093,4.719574908,17.86003807,0.109578506,264.5619587,0.091513882,Fresh
lithchi_fresh (299),81.64859939,3.215810186,4.923484427,19.38955172,0.333931125,251.6215286,0.085451544,Fresh
lithchi_fresh (300),80.08003656,3.529766523,4.946545103,16.24957627,0.476589695,292.7970835,0.068317556,Fresh
lithchi_fresh (301),79.29390637,3.625971477,4.531228797,17.3411162,0.169763707,226.6568516,0.005233286,Fresh
lithchi_fresh (302),77.92770125,3.436246152,4.941732381,16.26806615,0.288659796,385.5491466,0.078284862,Fresh
lithchi_fresh (303),81.52909938,3.911047392,4.724159528,19.90137253,0.136568797,373.5404196,0.084551081,Fresh
lithchi_fresh (304),81.06244723,2.036465165,4.755216245,19.26789563,0.350272765,341.5241171,0.079908215,Fresh
lithchi_fresh (305),75.31653069,2.391555971,4.813296256,19.41018968,0.320212672,221.2427655,0.050847904,Fresh
lithchi_fresh (306),75.18456882,2.01512575,4.963191303,19.75186093,0.26294621,355.1754509,0.023290184,Fresh
lithchi_fresh (307),77.63524357,3.294949428,4.509558047,16.34041394,0.308550809,361.5914656,0.084532998,Fresh
lithchi_fresh (308),80.67387332,3.796061098,4.738421734,17.54239037,0.458629863,353.5529235,0.072716281,Fresh
lithchi_fresh (309),81.91093291,2.486964593,4.843861021,16.28413956,0.178517721,222.7931774,0.098076117,Fresh
lithchi_fresh (310),76.05291824,3.85406909,4.861353479,16.84317241,0.109025805,328.7815914,0.01556926,Fresh
lithchi_fresh (311),79.15891501,2.120534781,4.846266216,16.91746311,0.444665954,366.8649591,0.022566458,Fresh
lithchi_fresh (312),77.666236,3.868872054,4.567217565,17.87642884,0.330846833,315.4706802,0.021179815,Fresh
lithchi_fresh (313),81.78940078,2.703245374,4.649697794,17.07424867,0.456263382,329.281475,0.079253977,Fresh
lithchi_fresh (314),80.89483246,2.202841657,4.679357763,16.40391243,0.338778089,291.6726959,0.01869073,Fresh
lithchi_fresh (315),80.86830093,2.971743518,4.902218604,16.66996436,0.424064436,305.741464,0.006665983,Fresh
lithchi_fresh (316),78.28085212,2.513553135,4.639379936,16.58910225,0.271869345,206.8753717,0.099856081,Fresh
lithchi_fresh (317),77.90373652,2.569745804,4.605352482,19.89230719,0.399943973,327.7926044,0.002481721,Fresh
lithchi_fresh (318),76.9138495,2.61457993,4.97872401,19.03717003,0.465216587,216.2894426,0.083524406,Fresh
lithchi_fresh (319),75.39462848,3.606051796,4.504431643,19.87104586,0.328849185,287.0029189,0.036536684,Fresh
lithchi_fresh (320),81.05305663,3.078322553,4.998910428,17.75896195,0.17231406,258.5310195,0.084161546,Fresh
lithchi_fresh (321),80.69030706,2.622615398,4.838410649,17.11347393,0.207519046,309.08559,0.055462049,Fresh
lithchi_fresh (322),81.99802371,3.220667567,4.91423465,19.19317279,0.179457831,226.6832671,0.090163123,Fresh
lithchi_fresh (323),81.97645786,3.432301348,4.647309698,17.30501567,0.198742811,338.3286804,0.092619299,Fresh
lithchi_fresh (324),78.88802194,2.545248001,4.507157639,17.19753349,0.22256618,359.0023074,0.000909818,Fresh
lithchi_fresh (325),80.38291191,2.827098203,4.868934759,16.93002397,0.322053515,232.6708899,0.007541218,Fresh
lithchi_fresh (326),81.61336011,2.243772187,4.917072299,16.51871591,0.335196652,220.8626175,0.025035873,Fresh
lithchi_fresh (327),80.94753173,2.362298699,4.870238066,17.02585224,0.270599899,229.1030966,0.066931542,Fresh
lithchi_fresh (328),76.73143671,3.362235708,4.571425144,17.42127899,0.346168312,375.4255124,0.08882722,Fresh
lithchi_fresh (329),78.15380895,2.362876695,4.876713961,18.69597683,0.13262997,305.6378524,0.045994195,Fresh
lithchi_fresh (330),75.90411591,3.050326767,4.884461391,16.25025937,0.135115295,293.4521992,0.060697312,Fresh
lithchi_fresh (331),81.67835719,3.418092523,4.829270258,16.84202776,0.168731784,221.3423638,0.018849985,Fresh
lithchi_fresh (332),79.24322244,2.213753846,4.883057966,19.23609456,0.307230999,329.9112014,0.080496683,Fresh
lithchi_fresh (333),76.60049964,3.134624439,4.92296072,16.58768769,0.185597871,373.5999184,0.096732811,Fresh
lithchi_fresh (334),79.70190479,2.513125567,4.806802057,17.37058059,0.213313761,365.6371739,0.026859893,Fresh
lithchi_fresh (335),79.32689768,3.92585375,4.544302357,19.45863569,0.260125134,325.2109418,0.049482595,Fresh
lithchi_fresh (336),77.50713903,2.967091293,4.743813905,16.61970124,0.42474645,215.0557433,0.008611611,Fresh
lithchi_fresh (337),75.79490315,3.6119851,4.538824667,16.33094734,0.105544854,222.4794054,0.055913666,Fresh
lithchi_fresh (338),79.70101237,3.100453084,4.703771516,17.93815198,0.359751528,209.8617974,0.050278344,Fresh
lithchi_fresh (339),78.64215391,2.086825066,4.703553245,17.20967805,0.367550612,251.4958433,0.014443648,Fresh
lithchi_fresh (340),80.40622874,3.266302751,4.533004922,18.25363346,0.419462312,227.1322934,0.044206621,Fresh
lithchi_fresh (341),78.64114451,3.902806684,4.674410267,19.21521956,0.473101176,252.0096081,0.033410465,Fresh
lithchi_fresh (342),80.9652705,3.20322364,4.555499049,16.54859395,0.10805514,277.0116111,0.052183088,Fresh
lithchi_fresh (343),78.86334787,3.638377719,4.904117605,18.32279634,0.161513482,388.5965568,0.058565434,Fresh
lithchi_fresh (344),78.9265658,3.768412927,4.973844013,18.02203504,0.454468518,322.075212,0.000849558,Fresh
lithchi_fresh (345),81.13657522,2.456159544,4.536158238,16.57631514,0.283407425,366.9947571,0.076100598,Fresh
lithchi_fresh (346),77.82438006,2.42408968,4.977557604,18.49599394,0.325836256,342.0703001,0.071301429,Fresh
lithchi_fresh (347),75.9381066,3.221961978,4.7612883,17.09456167,0.365210881,222.5006261,0.036628639,Fresh
lithchi_fresh (348),75.20147873,2.82205694,4.649782839,17.95133727,0.371626642,347.1840813,0.005293594,Fresh
lithchi_fresh (349),80.28596079,3.679722606,4.538431038,16.3290893,0.472696161,255.0197763,0.075493254,Fresh
lithchi_fresh (350),79.34216686,3.800046247,4.750312134,17.83833623,0.498779767,327.8215694,0.095517516,Fresh
lithchi_fresh (351),79.92855838,2.706842759,4.897257772,17.22585387,0.388062984,268.1923947,0.02401516,Fresh
lithchi_fresh (352),76.49074913,2.473741118,4.853543239,19.28952484,0.214888484,399.5344527,0.032352461,Fresh
lithchi_fresh (353),75.95460033,3.56105103,4.525113006,16.22791491,0.451900961,252.7102959,0.018381289,Fresh
lithchi_fresh (354),75.10181266,2.549612071,4.536450918,17.6744291,0.119688366,255.8260942,0.057693612,Fresh
lithchi_fresh (355),77.45411291,3.645228637,4.701436641,17.8337257,0.192432341,386.1344511,0.015484139,Fresh
lithchi_fresh (356),79.12942381,2.847476507,4.647645247,18.90002431,0.458954287,204.9288809,0.035619394,Fresh
lithchi_fresh (357),77.74570832,3.335099799,4.616192162,18.2971503,0.202476606,339.3377976,0.069701301,Fresh
lithchi_fresh (358),78.06232445,2.191070628,4.640502249,18.66884935,0.188260424,345.0652781,0.056011598,Fresh
lithchi_fresh (359),81.32911086,3.247718649,4.901741372,19.10819714,0.155250117,367.2757155,0.038646256,Fresh
lithchi_fresh (360),77.43778827,2.903535357,4.964614027,19.44881189,0.443644703,394.8878621,0.04202496,Fresh
lithchi_fresh (361),78.59792642,3.173216926,4.702551347,17.25550199,0.300023304,395.1203838,0.056211088,Fresh
lithchi_fresh (362),80.48557109,2.336028415,4.953055501,18.15209082,0.369957281,213.0553515,0.000586473,Fresh
lithchi_fresh (363),77.77579948,3.47374749,4.660747851,19.36043231,0.195626554,364.3678646,0.007850987,Fresh
lithchi_fresh (364),79.3546069,3.725594155,4.738218493,19.95780452,0.403216168,329.2619867,0.088125807,Fresh
lithchi_fresh (365),81.03654596,2.4334796,4.613014499,19.55807724,0.404002218,329.4684269,0.007787899,Fresh
lithchi_fresh (366),81.64664437,2.191429111,4.820238021,17.48586905,0.22503921,225.6699853,0.07068036,Fresh
lithchi_fresh (367),76.02951437,2.047277172,4.989490558,16.78066607,0.264273053,330.0374333,0.092003816,Fresh
lithchi_fresh (368),81.48611338,3.283943001,4.801746548,17.95757015,0.183876111,396.4965161,0.02706836,Fresh
lithchi_fresh (369),78.44481405,3.214188072,4.678907042,18.96656581,0.490624409,382.3637139,0.037049144,Fresh
lithchi_fresh (370),76.80771072,3.093394825,4.823908723,17.97027628,0.358241031,287.8261322,0.056892141,Fresh
lithchi_fresh (371),78.21395029,2.463894192,4.561460339,17.93272345,0.473817552,207.9895947,0.088170897,Fresh
lithchi_fresh (372),81.86022803,2.781811992,4.94432954,19.35292168,0.221354217,272.458698,0.094190559,Fresh
lithchi_fresh (373),78.44832666,3.18895267,4.751541975,17.44561512,0.412756365,365.2780623,0.073956325,Fresh
lithchi_fresh (374),77.30126127,2.993533718,4.724674871,19.4391787,0.406343458,340.2998203,0.008661976,Fresh
lithchi_fresh (375),79.43380598,3.97557104,4.792932394,17.6272192,0.376662261,291.8687311,0.066915416,Fresh
lithchi_fresh (376),76.68101933,2.272879505,4.812391931,17.31293242,0.48625559,211.020307,0.041030372,Fresh
lithchi_fresh (377),75.5310433,3.390289108,4.535887903,17.81595964,0.257422134,285.3789456,0.0470701,Fresh
lithchi_fresh (378),75.90215805,2.808637536,4.841308611,19.04978783,0.152286929,293.8049879,0.004914839,Fresh
lithchi_fresh (379),75.89632087,2.85639923,4.62096584,16.50400811,0.368683544,385.7111066,0.019106214,Fresh
lithchi_fresh (380),76.06331885,3.435195531,4.856976316,16.78567686,0.39172392,328.2172207,0.079051361,Fresh
lithchi_fresh (381),75.97179021,3.384872303,4.911267397,19.8057793,0.330024229,262.3305833,0.045395883,Fresh
lithchi_fresh (382),79.48612321,3.982511987,4.901979254,16.70196651,0.182727157,305.0636529,0.030166224,Fresh
lithchi_fresh (383),76.27316059,2.256788579,4.776250484,18.27090927,0.301782377,213.2110616,0.038401907,Fresh
lithchi_fresh (384),77.41967098,2.208219299,4.760084946,18.31725787,0.224875895,394.5136471,0.085439951,Fresh
lithchi_fresh (385),81.27751887,3.448677634,4.571437981,17.95849785,0.270986611,272.0119804,0.074899902,Fresh
lithchi_fresh (386),78.31773148,3.156773834,4.887673075,18.57898099,0.35808743,295.573471,0.02723154,Fresh
lithchi_fresh (387),79.67290417,2.548321333,4.63570469,16.9193069,0.398085897,271.0567948,0.011750184,Fresh
lithchi_fresh (388),76.2062391,2.158838738,4.748347711,18.21064907,0.192889876,336.502346,0.025199822,Fresh
lithchi_fresh (389),76.34602313,2.171316499,4.642137046,17.48869302,0.262130144,332.4464317,0.092075645,Fresh
lithchi_fresh (390),75.28608031,3.788381749,4.566914181,18.64666904,0.207664628,343.0644621,0.058158884,Fresh
lithchi_fresh (391),76.18254544,2.383734649,4.814778848,16.56489417,0.179452646,253.6286459,0.053348021,Fresh
lithchi_fresh (392),76.95013237,2.646743124,4.527166017,18.28350967,0.413354888,263.1336962,0.05963936,Fresh
lithchi_fresh (393),76.23907339,2.453312804,4.874322617,16.74108142,0.463701078,225.0502462,0.036602827,Fresh
lithchi_fresh (394),75.62091774,2.709992612,4.658793398,17.11457225,0.248092874,331.1019944,0.080710702,Fresh
lithchi_fresh (395),75.8444511,2.138847685,4.500067347,16.8748392,0.40051157,207.9594255,0.052328625,Fresh
lithchi_fresh (396),78.22545138,3.038119582,4.75556457,16.73135112,0.458798116,319.5364671,0.01167479,Fresh
lithchi_fresh (397),76.44433603,2.135225127,4.523425954,19.30284381,0.438449684,373.939177,0.012906512,Fresh
lithchi_fresh (398),77.54988903,3.600713016,4.638084779,17.14283027,0.173125355,378.1664297,0.053685915,Fresh
lithchi_fresh (399),78.5239209,2.467424164,4.853488244,19.70849513,0.482516753,289.8075521,0.093657022,Fresh
lithchi_fresh (400),79.8327638,3.080023829,4.531344811,19.8797061,0.250670576,291.8607376,0.030835212,Fresh
lithchi_fresh (401),75.27518498,3.760158175,4.919669246,18.28504188,0.235696264,215.3938366,0.086954117,Fresh
lithchi_fresh (402),80.59587279,3.301754738,4.501909961,16.57200449,0.124972531,334.1530051,0.076409559,Fresh
lithchi_fresh (403),79.39530273,3.065915573,4.623411935,17.49819297,0.294469462,364.2518841,0.024781244,Fresh
lithchi_fresh (404),75.57231322,2.648667506,4.870452028,19.19092905,0.143605446,248.9310109,0.003634075,Fresh
lithchi_fresh (405),81.11505037,2.666003826,4.658135075,17.46956291,0.199415928,284.2601763,0.010184727,Fresh
lithchi_fresh (406),81.4461068,3.33897391,4.550946194,16.34806887,0.226777049,367.7678674,0.072849393,Fresh
lithchi_fresh (407),75.42754572,3.988278722,4.680116959,18.22713964,0.423530529,375.4240935,0.019966974,Fresh
lithchi_fresh (408),76.93814354,3.32367838,4.635196643,19.38048341,0.45019546,248.6359961,0.037127092,Fresh
lithchi_fresh (409),80.64340896,3.115566835,4.921355951,19.18370555,0.220986527,310.1141269,0.050169917,Fresh
lithchi_fresh (410),80.23781783,3.46130102,4.656673959,16.70049256,0.443479248,238.4986301,0.072546817,Fresh
lithchi_fresh (411),76.29164714,2.930411225,4.894466236,18.69105846,0.442892375,220.3757528,0.011323122,Fresh
lithchi_fresh (412),76.46544526,2.120284685,4.945936072,16.88201705,0.40586038,382.2241003,0.040636641,Fresh
lithchi_fresh (413),77.59330472,3.124593632,4.71690871,16.87283014,0.158678046,364.1015008,0.048507291,Fresh
lithchi_fresh (414),78.3916609,3.915250569,4.954971572,19.49628709,0.376129139,352.0069804,0.054082706,Fresh
lithchi_fresh (415),79.3277834,2.350605885,4.688659027,16.99867581,0.478009626,209.7532638,0.081836064,Fresh
lithchi_fresh (416),77.58239548,3.380009782,4.982039208,17.05298939,0.373016192,368.7457585,0.01716782,Fresh
lithchi_fresh (417),78.23774301,2.401867377,4.544644762,16.00261356,0.23264674,287.6088152,0.080783145,Fresh
lithchi_fresh (418),80.23229657,3.071655369,4.843509633,19.48267614,0.300231727,268.4790247,0.069287843,Fresh
lithchi_fresh (419),75.25678242,2.193352899,4.74690702,19.17037925,0.358290017,309.2952722,0.055587081,Fresh
lithchi_fresh (420),76.76705861,2.900741873,4.693824403,18.50931574,0.304228163,218.2706485,0.069952787,Fresh
lithchi_fresh (421),79.9934471,3.512326658,4.816355939,19.00106306,0.147981177,351.3293099,0.041201774,Fresh
lithchi_fresh (422),81.26644786,2.695143048,4.851928546,16.60819427,0.224825618,316.4870154,0.013839759,Fresh
lithchi_fresh (423),78.58174209,3.329823449,4.502181635,17.83329438,0.420958412,237.3180194,0.066576524,Fresh
lithchi_fresh (424),78.7247944,3.590899922,4.583476544,17.40487755,0.444567218,237.64644,0.052467231,Fresh
lithchi_fresh (425),75.75020408,3.854355639,4.856523025,16.37510611,0.154920013,236.8497303,0.06393748,Fresh
lithchi_fresh (426),78.13188657,2.469284164,4.833192707,17.94452194,0.480954701,211.4004775,0.033799878,Fresh
lithchi_fresh (427),78.72832087,2.798631832,4.983023753,19.6829586,0.231529047,317.5596899,0.090686658,Fresh
lithchi_fresh (428),76.69729353,2.304832027,4.880518895,16.16023648,0.364925495,368.0696355,0.058736987,Fresh
lithchi_fresh (429),76.88470262,3.984967004,4.975386354,17.16584365,0.400730058,203.4996428,0.008540248,Fresh
lithchi_fresh (430),77.64098914,3.854001936,4.851270251,16.83016374,0.424778494,209.800929,0.044980399,Fresh
lithchi_fresh (431),75.14049838,3.079914261,4.649026104,16.95258661,0.478299881,314.5540553,0.075635605,Fresh
lithchi_fresh (432),77.25455416,3.684066589,4.552682461,19.63373821,0.225167819,363.8991371,0.079413456,Fresh
lithchi_fresh (433),76.48013605,3.041915955,4.890911932,17.87227622,0.443402582,265.3477781,0.049459705,Fresh
lithchi_fresh (434),77.29248147,3.247171376,4.822074611,17.86519765,0.152674761,269.9228798,0.089474757,Fresh
lithchi_fresh (435),75.83833492,2.178248864,4.524093006,19.04230257,0.382016363,319.2692995,0.026766844,Fresh
lithchi_fresh (436),81.23369097,3.510540841,4.680025233,16.61796882,0.396791092,254.8425778,0.04105987,Fresh
lithchi_fresh (437),79.15514717,2.255426967,4.978399908,17.94906142,0.371089296,205.3216732,0.089859691,Fresh
lithchi_fresh (438),79.75371623,3.652135261,4.750200573,17.71994086,0.200925894,347.0457036,0.089625672,Fresh
lithchi_fresh (439),80.52419867,3.564056175,4.716364568,18.38764276,0.449217259,325.1299826,0.068571277,Fresh
lithchi_fresh (440),78.48909539,3.417489395,4.728849803,19.99823081,0.167543385,316.1511998,0.085898055,Fresh
lithchi_fresh (441),75.60844202,2.072320761,4.604441362,19.07779558,0.121453917,348.3368258,0.008877327,Fresh
lithchi_fresh (442),78.75974579,2.606256712,4.684353585,17.59146281,0.386985996,335.0461675,0.086499498,Fresh
lithchi_fresh (443),79.10788783,2.52622514,4.684906628,19.31021221,0.290190286,241.1763976,0.032061991,Fresh
lithchi_fresh (444),80.21807632,2.720272815,4.52617751,16.68283345,0.439639208,270.4962094,0.017833151,Fresh
lithchi_fresh (445),78.02161682,2.175285494,4.883783814,16.12185475,0.253358856,225.2220283,0.023936984,Fresh
lithchi_fresh (446),75.89306212,3.873915646,4.708252216,16.81779349,0.167311435,225.9714027,0.041796851,Fresh
lithchi_fresh (447),76.98643134,3.107604481,4.911089943,17.36164622,0.434576877,335.2391493,0.0251192,Fresh
lithchi_fresh (448),77.54157607,2.611048621,4.925174001,18.04232303,0.319563853,371.7200214,0.032056759,Fresh
lithchi_fresh (449),79.52142069,2.793963034,4.605997027,18.46051656,0.175678317,392.5465168,0.013497849,Fresh
lithchi_fresh (450),78.99544813,2.894405081,4.828676741,19.64242287,0.388153599,325.6694235,0.029617677,Fresh
lithchi_fresh (451),77.49267708,3.201188667,4.736140902,18.03941604,0.304445455,236.8202647,0.057228381,Fresh
lithchi_fresh (452),81.90560674,3.031358855,4.940078369,18.00510258,0.341725193,221.1300691,0.044185371,Fresh
lithchi_fresh (453),79.24042374,3.838783946,4.60787034,16.20097204,0.284359335,362.5701943,0.034671876,Fresh
lithchi_fresh (454),76.66058754,2.993926966,4.8389066,16.13964621,0.431483594,315.7512953,0.074645213,Fresh
lithchi_fresh (455),75.71247731,3.98431603,4.803876061,18.20463985,0.431825086,323.6570042,0.089350997,Fresh
lithchi_fresh (456),76.07001397,3.702849915,4.647650739,17.75271445,0.383755529,356.2924178,0.075678922,Fresh
lithchi_fresh (457),76.7217041,2.417021029,4.568300452,19.35672158,0.142160551,340.6554455,0.03320007,Fresh
lithchi_fresh (458),76.12476961,3.861190429,4.82581988,16.64271834,0.435541545,366.8916506,0.074444217,Fresh
lithchi_fresh (459),76.30596917,2.232732796,4.869298729,16.09988665,0.368405192,211.2427811,0.015198018,Fresh
lithchi_fresh (460),76.99566618,3.634899417,4.657813672,17.79615507,0.378809666,349.5041273,0.013031799,Fresh
lithchi_fresh (461),76.21361517,2.761246587,4.822416302,16.94991423,0.245193136,370.1705515,0.034562704,Fresh
lithchi_fresh (462),81.27735797,3.755948641,4.697565454,16.19845749,0.451711822,257.2270085,0.080770237,Fresh
lithchi_fresh (463),75.56163622,3.73611338,4.856603442,18.89839315,0.39014864,328.0894548,0.024634825,Fresh
lithchi_fresh (464),78.67157973,3.6118508,4.599607637,16.446372,0.145036187,262.8324128,0.006325341,Fresh
lithchi_fresh (465),77.87277779,3.580060873,4.945107501,18.433278,0.263111214,391.5942133,0.013170954,Fresh
lithchi_fresh (466),81.87665032,2.609358278,4.643704798,17.124199,0.454552145,206.6847145,0.085874497,Fresh
lithchi_fresh (467),75.78427232,2.161838566,4.683892994,16.6939842,0.118878681,315.9585688,0.063378328,Fresh
lithchi_fresh (468),77.78498919,2.805960358,4.529045976,17.51900609,0.484566648,233.3007094,0.025320116,Fresh
lithchi_fresh (469),81.78629303,2.34704903,4.555756106,19.2057831,0.371665027,342.444041,0.055529583,Fresh
lithchi_fresh (470),81.05854988,3.389902178,4.757930951,17.56837431,0.352550391,235.1780567,0.052757962,Fresh
lithchi_fresh (471),80.7195045,2.692199453,4.633796338,19.0030786,0.208223703,247.0766524,0.065543598,Fresh
lithchi_fresh (472),76.80531979,3.951220402,4.917740113,16.50194519,0.199516715,298.8741622,0.023318755,Fresh
lithchi_fresh (473),76.19621311,3.281944155,4.507346694,19.09108568,0.476823288,382.96699,0.086440299,Fresh
lithchi_fresh (474),79.68050254,3.644961127,4.689547024,16.9477333,0.219308982,242.3428744,0.030936856,Fresh
lithchi_fresh (475),81.50563192,2.265049345,4.668672773,18.70957252,0.410202119,228.8480042,0.069413165,Fresh
lithchi_fresh (476),78.89734025,3.724028965,4.509663815,18.26312622,0.257248719,351.7953664,0.001612465,Fresh
lithchi_fresh (477),79.00128883,3.845514381,4.5621842,19.71657887,0.155701628,300.1239065,0.037265713,Fresh
lithchi_fresh (478),76.95985366,2.974123838,4.706821337,17.54929007,0.104286119,382.3570225,0.035170982,Fresh
lithchi_fresh (479),80.38645053,3.212505876,4.746432292,16.26466076,0.317702935,229.3229114,0.054348443,Fresh
lithchi_fresh (480),76.30930624,3.529619602,4.702144874,16.07662194,0.490311527,329.1855786,0.007273626,Fresh
lithchi_fresh (481),77.26575465,2.349677255,4.765468839,19.30743424,0.247654478,246.5758292,0.079013137,Fresh
lithchi_fresh (482),77.97805507,3.005132153,4.797565837,18.09894255,0.242876934,231.3520857,0.02177808,Fresh
lithchi_fresh (483),78.55327265,2.797326056,4.504961911,19.10097621,0.237636647,336.685883,0.067703781,Fresh
lithchi_fresh (484),76.69686813,2.292747984,4.73204758,16.9377024,0.308217535,318.736924,0.080321212,Fresh
lithchi_fresh (485),75.80385777,2.735068845,4.98174962,17.38033498,0.276265953,350.9654917,0.056187696,Fresh
lithchi_fresh (486),79.2743403,2.136344619,4.75951614,16.12041549,0.451965851,261.8925153,0.074088321,Fresh
lithchi_fresh (487),77.02041387,2.051623814,4.838771134,19.8459693,0.302208317,289.5943313,0.066186031,Fresh
lithchi_fresh (488),79.06866755,2.270332578,4.655931929,18.67147163,0.303103135,281.0943353,0.03555298,Fresh
lithchi_fresh (489),76.08053901,3.926230223,4.886995689,19.73282035,0.155348638,396.8178928,0.080885854,Fresh
lithchi_fresh (490),78.36798071,3.099059072,4.886460741,17.06198563,0.493095816,258.4497913,0.029470137,Fresh
lithchi_fresh (491),78.72812603,3.931644322,4.760648024,18.44585444,0.199989156,258.9634477,0.057121292,Fresh
lithchi_fresh (492),75.36276476,2.864995757,4.988006912,18.71399987,0.129345627,270.9096418,0.074539774,Fresh
lithchi_fresh (493),77.35622995,2.623632266,4.562775107,17.2701988,0.3652585,312.9188163,0.037895591,Fresh
lithchi_fresh (494),75.94090274,3.012283726,4.508473832,19.39243694,0.338146548,250.4645489,0.030276761,Fresh
lithchi_fresh (495),75.44362479,2.879023377,4.885079106,19.78864585,0.266058262,383.0579881,0.045934601,Fresh
lithchi_fresh (496),81.92972163,2.211329369,4.903577769,19.53942047,0.268876894,253.137113,0.081796349,Fresh
lithchi_fresh (497),77.25647691,3.281652629,4.560103615,18.9562679,0.414025568,379.1631463,0.092992176,Fresh
lithchi_fresh (498),80.66912112,2.432076365,4.632791416,17.10985872,0.178285056,220.6950127,0.054508341,Fresh
lithchi_fresh (499),76.78248458,3.23917591,4.508776182,17.12646417,0.428101328,331.3125405,0.066146621,Fresh
lithchi_fresh (500),79.77051906,3.300402185,4.646654305,19.85344128,0.359498846,381.3971037,0.090327362,Fresh
lithchi_fresh (501),80.32159502,2.304049706,4.886570937,16.04113798,0.26758791,233.7498877,0.009854685,Fresh
lithchi_fresh (502),79.16947118,2.122699254,4.758980264,18.86419989,0.283211447,393.665392,0.023207858,Fresh
lithchi_fresh (503),78.30103332,3.561523172,4.674047797,18.82498465,0.202658883,290.5766721,0.070890001,Fresh
lithchi_fresh (504),77.8828864,2.919600848,4.685869647,18.49075816,0.400845733,389.1430217,0.082374446,Fresh
lithchi_fresh (505),77.44207787,2.116327591,4.500676813,19.96043538,0.305149897,335.3640087,0.085702903,Fresh
lithchi_fresh (506),81.50670401,3.989732634,4.649900264,17.24751774,0.228341817,260.317374,0.041510718,Fresh
lithchi_fresh (507),80.81433585,2.115561122,4.823229371,17.35988746,0.338420046,237.660505,0.00893399,Fresh
lithchi_fresh (508),81.75518837,3.390070458,4.987097222,16.31575761,0.498293781,260.7470092,0.043778148,Fresh
lithchi_fresh (509),75.87008056,3.967357851,4.923530413,17.77119255,0.274104912,218.6034819,0.023073459,Fresh
lithchi_fresh (510),80.11607233,2.478360208,4.511797482,17.0441941,0.46827656,228.7735933,0.029119645,Fresh
lithchi_fresh (511),81.5683832,2.284498737,4.949280302,17.37354681,0.238006736,220.9320881,0.077226756,Fresh
lithchi_fresh (512),76.26863146,2.242769879,4.891599207,19.33828716,0.121893083,284.5887087,0.007552709,Fresh
lithchi_fresh (513),75.46547387,2.606550295,4.890188062,19.74193805,0.181696843,359.1156753,0.082758122,Fresh
lithchi_fresh (514),80.18784455,2.202091622,4.72899788,16.74293229,0.267478057,228.2767108,0.042766909,Fresh
lithchi_fresh (515),79.02131179,3.384322683,4.699002646,17.49003573,0.187853971,226.0640866,0.059606393,Fresh
lithchi_fresh (516),80.89280144,2.124583596,4.651457864,19.71452225,0.100090815,328.6857899,0.008965223,Fresh
lithchi_fresh (517),75.97840664,3.018844256,4.532847429,16.24723384,0.466000615,239.4365964,0.033735908,Fresh
lithchi_fresh (518),80.56687118,3.993393708,4.614117682,16.36944211,0.437551764,219.5220076,0.008970092,Fresh
lithchi_fresh (519),76.41139124,3.627940539,4.623301817,16.65116396,0.396916893,233.3697156,0.096154372,Fresh
lithchi_fresh (520),76.1455916,3.230438876,4.742038535,18.38085134,0.167125838,384.7462792,0.080726165,Fresh
lithchi_fresh (521),76.14986059,2.612507242,4.873722203,16.60188908,0.14814543,364.2942506,0.045963275,Fresh
lithchi_fresh (522),80.70202304,3.247791673,4.736904914,19.87230553,0.1270419,270.8129125,0.022360255,Fresh
lithchi_fresh (523),79.65638054,3.054082928,4.528922225,17.78685811,0.389611676,331.1641535,0.093345511,Fresh
lithchi_fresh (524),78.66145797,2.852166768,4.9788949,18.00607184,0.471523184,307.4551347,0.03445966,Fresh
lithchi_fresh (525),77.51181339,2.261420753,4.97136216,16.98663446,0.272214328,335.4248527,0.016098443,Fresh
lithchi_fresh (526),81.14040379,3.77320843,4.892594772,17.88384101,0.147656269,336.5342305,0.056316439,Fresh
lithchi_fresh (527),77.74711575,2.899569298,4.995663951,18.64765453,0.304957128,325.746803,0.094377412,Fresh
lithchi_fresh (528),80.71619608,2.389245024,4.772241166,19.00470855,0.239532763,253.2202737,0.000383029,Fresh
lithchi_fresh (529),78.07394436,2.735518702,4.981384175,19.01547233,0.24992997,207.8012842,0.023812484,Fresh
lithchi_fresh (530),77.63861101,2.828259505,4.53780252,18.31156445,0.34853225,291.1133564,0.093844764,Fresh
lithchi_fresh (531),78.2387585,3.655075791,4.682840374,19.6174391,0.387487245,378.1947769,0.017108597,Fresh
lithchi_fresh (532),77.10964512,3.467228761,4.612690634,19.26963139,0.14424144,313.8994517,0.011324345,Fresh
lithchi_fresh (533),80.23326566,3.538609787,4.597916542,19.02819246,0.114236092,366.4782083,0.057018722,Fresh
lithchi_fresh (534),78.51904273,2.022062529,4.570401474,16.22242209,0.497732121,398.3248686,0.086184382,Fresh
lithchi_fresh (535),76.62548887,2.832307996,4.811206821,16.02751185,0.19309134,232.7232408,0.047710982,Fresh
lithchi_fresh (536),81.29702201,2.962688303,4.890660928,16.84978911,0.12153221,338.3555278,0.099456426,Fresh
lithchi_fresh (537),77.68723855,2.038384554,4.7891492,18.65409438,0.175950132,334.8587147,0.06791717,Fresh
lithchi_fresh (538),78.80487003,2.519626417,4.573481355,17.64478996,0.115583139,395.9910895,0.007407491,Fresh
lithchi_fresh (539),81.34530478,3.520579646,4.905561885,17.60962504,0.256724358,397.1201468,0.099283213,Fresh
lithchi_fresh (540),79.36966597,2.274219411,4.817977354,19.53834755,0.420960714,337.3357223,0.040789424,Fresh
lithchi_fresh (541),75.81828628,3.070620263,4.694082853,19.58225139,0.23649778,248.7229584,0.028740253,Fresh
lithchi_fresh (542),81.57882487,2.430403744,4.837065148,19.63670106,0.277673363,359.7111676,0.055787918,Fresh
lithchi_fresh (543),79.39395637,2.024241549,4.62995249,17.25551231,0.370234709,221.4058268,0.030430759,Fresh
lithchi_fresh (544),77.3443393,2.482402915,4.672596104,18.76422325,0.303557628,356.1398608,0.008645751,Fresh
lithchi_fresh (545),75.97490451,3.95174751,4.958742922,17.08653273,0.444578274,382.0392248,0.000142834,Fresh
lithchi_fresh (546),80.55817632,3.603074224,4.645252253,16.76243933,0.44641427,276.566679,0.044958335,Fresh
lithchi_fresh (547),79.34050929,3.919153289,4.734994134,16.73852983,0.103964278,326.127059,0.083686342,Fresh
lithchi_fresh (548),78.73422764,2.975708088,4.945070569,17.36843048,0.411218523,286.0285464,0.057231519,Fresh
lithchi_fresh (549),81.25724808,2.219472397,4.853860675,17.71983048,0.28429344,287.553011,0.09992073,Fresh
lithchi_fresh (550),80.52018048,3.095918978,4.531101613,19.32379668,0.495536217,262.0741778,0.028684665,Fresh
lithchi_fresh (551),76.06172416,2.908754669,4.573651522,16.47956437,0.29329283,352.4259241,0.028045506,Fresh
lithchi_fresh (552),77.18205447,3.688714165,4.503920795,18.93970339,0.494758378,387.2353128,0.015974946,Fresh
lithchi_fresh (553),76.73942398,2.196165162,4.815460895,18.12581966,0.401827744,388.1501718,0.016406359,Fresh
lithchi_fresh (554),80.20762405,2.976482274,4.723836713,17.15178137,0.199441954,234.956257,0.02851866,Fresh
lithchi_fresh (555),75.23472704,2.300097329,4.567137425,17.97127834,0.315357992,374.9487299,0.079284005,Fresh
lithchi_fresh (556),78.98922779,2.649351854,4.978967061,17.19976828,0.496854256,347.4862883,0.090575679,Fresh
lithchi_fresh (557),80.3372108,3.474714155,4.764829862,18.38432782,0.443012243,250.5674801,0.097508717,Fresh
lithchi_fresh (558),81.13735946,2.952036259,4.620946647,17.73537569,0.138946758,213.4569226,0.023228965,Fresh
lithchi_fresh (559),77.39457224,2.75177657,4.750301786,16.65762212,0.382548799,253.5994534,0.088129755,Fresh
lithchi_fresh (560),80.74880113,2.788952557,4.839810166,16.4663323,0.238231834,382.4416474,0.032825509,Fresh
lithchi_fresh (561),75.77442216,2.918893537,4.538119609,18.18678273,0.102792905,326.635735,0.011284054,Fresh
lithchi_fresh (562),80.92516604,3.570033088,4.637351908,19.60965213,0.261392388,344.2109322,0.087002493,Fresh
lithchi_fresh (563),75.89242064,3.784169378,4.903482745,17.37583075,0.193901769,251.4304702,0.063610563,Fresh
lithchi_fresh (564),77.78101103,3.910669373,4.729832435,18.93200043,0.427547708,343.8776311,0.01647309,Fresh
lithchi_fresh (565),80.58106756,3.573806773,4.773288571,18.63464542,0.234932244,205.6243013,0.042983126,Fresh
lithchi_fresh (566),76.04942199,2.630813791,4.716408001,19.72621966,0.431009478,275.0642692,0.028725769,Fresh
lithchi_fresh (567),76.60475977,3.376269412,4.521949971,19.28392407,0.100239176,325.3506697,0.073679457,Fresh
lithchi_fresh (568),80.05576798,2.875206248,4.58287489,18.26642104,0.22312766,229.2193131,0.045341623,Fresh
lithchi_fresh (569),80.04025576,2.509341244,4.722770819,18.62812199,0.196466086,364.6007149,0.098927995,Fresh
lithchi_fresh (570),79.48803343,3.681743159,4.604592733,19.59354587,0.193426944,247.0062598,0.005474498,Fresh
lithchi_fresh (571),79.85763911,2.076852698,4.524989514,17.59807514,0.127274648,330.4562226,0.035501527,Fresh
lithchi_fresh (572),78.7990711,3.803523984,4.921824832,17.30717882,0.174849708,281.0394285,0.048190017,Fresh
lithchi_fresh (573),76.76259341,2.922954929,4.990596265,16.04324433,0.322219828,319.2087191,0.050313355,Fresh
lithchi_fresh (574),77.41987195,3.274402954,4.896571437,19.3062043,0.216544429,221.4901105,0.031593582,Fresh
lithchi_fresh (575),76.27118402,3.318707844,4.926892461,19.2039228,0.266957913,203.38256,0.072924025,Fresh
lithchi_fresh (576),81.35915393,3.790235481,4.620988565,16.41781807,0.250746752,381.9128855,0.087474707,Fresh
lithchi_fresh (577),79.08374256,3.273339364,4.980313488,18.30742952,0.45036197,253.9260018,0.09387193,Fresh
lithchi_fresh (578),77.80595992,3.22786717,4.598462852,17.85592679,0.4621196,363.9354006,0.080509338,Fresh
lithchi_fresh (579),78.23404063,2.133304081,4.975714905,16.47483638,0.297182789,399.8700601,0.08505802,Fresh
lithchi_fresh (580),81.63098338,3.036816044,4.997409647,19.92227291,0.23206238,242.2862516,0.05505453,Fresh
lithchi_fresh (581),76.07345982,2.300338002,4.855861403,16.85878355,0.142720282,253.0341482,0.082588823,Fresh
lithchi_fresh (582),79.10360882,3.474867537,4.990571866,16.26893672,0.481361152,332.5719575,0.030350391,Fresh
lithchi_fresh (583),78.54122075,3.024443842,4.78476989,18.37938952,0.124090778,393.0897269,0.039847876,Fresh
lithchi_fresh (584),79.28017965,3.360455558,4.629770892,18.95546671,0.219060111,383.1628696,0.031691301,Fresh
lithchi_fresh (585),75.12677129,2.083345801,4.718497943,16.12977378,0.21922648,300.575104,0.046738734,Fresh
lithchi_fresh (586),81.10486736,2.169584032,4.796780468,18.63487055,0.228160514,359.0220565,0.028557962,Fresh
lithchi_fresh (587),81.52482798,3.432646776,4.536540781,18.1291675,0.165714737,227.1491706,0.096161144,Fresh
lithchi_fresh (588),78.95593229,2.144168672,4.811171632,16.41306004,0.413264572,395.4876368,0.031284463,Fresh
lithchi_fresh (589),79.87655577,2.142513456,4.990588918,16.69009551,0.148999145,392.8706468,0.009804454,Fresh
lithchi_fresh (590),81.45749567,2.02421695,4.595053825,18.27189719,0.353962664,232.7457916,0.052681717,Fresh
lithchi_fresh (591),79.95067044,3.913002797,4.896297558,17.18543045,0.149538411,259.884625,0.005709908,Fresh
lithchi_fresh (592),76.0677733,3.475016719,4.953949397,19.75326291,0.128214255,220.0309995,0.011054317,Fresh
lithchi_fresh (593),79.03401852,2.706502817,4.971850796,19.27496092,0.463771801,254.3435198,0.021938939,Fresh
lithchi_fresh (594),79.24700532,2.593071163,4.980067802,19.93426883,0.176051507,363.1911579,0.046435025,Fresh
lithchi_fresh (595),77.9689147,2.699406459,4.760729819,17.03868336,0.428500062,275.6631214,0.043325093,Fresh
lithchi_fresh (596),80.15510965,3.549307062,4.988653954,19.87889453,0.317852348,217.6793934,0.079969186,Fresh
lithchi_fresh (597),81.5405691,3.322741222,4.878655104,17.72493548,0.131142608,268.445105,0.073947465,Fresh
lithchi_fresh (598),81.47897959,2.370391136,4.580835718,17.39007518,0.482179277,396.2766668,0.042631829,Fresh
lithchi_fresh (599),78.1558756,2.348218671,4.738450053,16.20139811,0.198784467,325.9367191,0.033370421,Fresh
lithchi_fresh (600),75.79266632,2.196791299,4.859165588,16.21106103,0.443858138,283.2321893,0.031646878,Fresh
lithchi_fresh (601),81.89388839,3.320605439,4.623670158,18.76804502,0.167524002,233.3077027,0.077399509,Fresh
lithchi_fresh (602),80.87228661,3.528745324,4.820307592,17.83171598,0.441577153,397.2353595,0.005207241,Fresh
lithchi_fresh (603),75.87263877,2.530092857,4.83330024,16.9060865,0.105291525,364.1698019,0.001282165,Fresh
lithchi_fresh (604),81.44589318,2.041889922,4.581349872,18.45588123,0.304712183,256.2954605,0.079554439,Fresh
lithchi_fresh (605),81.08927453,2.164343335,4.782542656,17.01143247,0.407777032,214.0137391,0.047714638,Fresh
lithchi_fresh (606),78.6318664,3.93572007,4.885813455,18.31052702,0.473918207,211.3251115,0.013088114,Fresh
lithchi_fresh (607),79.13892805,2.590889555,4.749447832,17.43683499,0.463680854,224.0756299,0.023556593,Fresh
lithchi_fresh (608),77.79301893,3.538446296,4.506051558,19.29420891,0.427849948,316.1537167,0.093250395,Fresh
lithchi_fresh (609),75.38333147,3.249327138,4.504519235,19.28278464,0.45527654,385.7526842,0.085950298,Fresh
lithchi_fresh (610),77.34638069,2.763879279,4.678514672,17.90940159,0.179687874,299.3486856,0.070978505,Fresh
lithchi_fresh (611),80.61997414,2.411374524,4.963097034,17.40327644,0.213673718,368.5890965,0.048222523,Fresh
lithchi_fresh (612),75.03242416,2.242772836,4.61433839,17.45023919,0.21558741,289.177324,0.052032363,Fresh
lithchi_fresh (613),77.3344942,3.230025936,4.817181844,19.2228581,0.250821572,341.7167092,0.097524454,Fresh
lithchi_fresh (614),77.78718086,3.549267561,4.611037935,17.31271793,0.257328268,346.3745475,0.096577044,Fresh
lithchi_fresh (615),78.76176922,3.287808507,4.660834995,16.83623749,0.31782213,234.7927412,0.021526905,Fresh
lithchi_fresh (616),81.43898931,3.060604266,4.924021045,16.33875337,0.163951905,272.2432118,0.081110457,Fresh
lithchi_fresh (617),77.42442196,2.083902447,4.864430721,17.86677248,0.376498666,327.4604313,0.019724267,Fresh
lithchi_fresh (618),77.42867241,3.936977555,4.547699639,17.9285284,0.167026616,214.1393216,0.021353748,Fresh
lithchi_fresh (619),80.16250874,3.597428383,4.71435101,19.36363484,0.224123393,272.3080376,0.067609303,Fresh
lithchi_fresh (620),78.16552559,2.585644073,4.514584882,16.88495479,0.301338052,306.9598933,0.04050011,Fresh
lithchi_fresh (621),76.57223376,3.959940659,4.740445073,17.52396509,0.418576225,399.2448986,0.093154441,Fresh
lithchi_fresh (622),78.16707661,3.203763179,4.831217006,19.23362296,0.395787693,294.9067125,0.008900973,Fresh
lithchi_fresh (623),75.98599914,3.164845316,4.559251312,19.29449444,0.358213743,363.2113514,0.051152564,Fresh
lithchi_fresh (624),76.23470891,3.496146359,4.644442469,17.5384443,0.162309304,286.413457,0.091852153,Fresh
lithchi_fresh (625),78.48857441,3.623539576,4.698918313,17.83649609,0.318818138,359.2781445,0.090411366,Fresh
lithchi_fresh (626),77.93247815,3.312957215,4.959765512,17.21314356,0.134978601,319.0829603,0.015652921,Fresh
lithchi_fresh (627),81.40392131,2.256191493,4.996627508,19.73021951,0.250945271,377.3190883,0.03666377,Fresh
lithchi_fresh (628),77.53675729,2.676535012,4.522455649,16.47457506,0.265406612,282.1885105,0.06191214,Fresh
lithchi_fresh (629),79.06411845,3.856167281,4.880503962,19.73499769,0.115924576,320.860884,0.015939488,Fresh
lithchi_fresh (630),79.42585002,2.449231224,4.685862033,18.73546581,0.20959524,326.0037361,0.096802217,Fresh
lithchi_fresh (631),75.0916612,2.744334048,4.696229093,18.12628861,0.482259787,283.4765884,0.091474933,Fresh
lithchi_fresh (632),79.6447616,2.864153766,4.877132487,16.13063624,0.481453043,228.8624087,0.016695018,Fresh
lithchi_fresh (633),76.24625177,2.878809979,4.959213216,17.90238477,0.240930822,218.7118814,0.012115546,Fresh
lithchi_fresh (634),81.72749222,3.225879165,4.975464297,17.63099242,0.117240044,203.3343101,0.008540848,Fresh
lithchi_fresh (635),76.04063909,3.886151675,4.788561293,16.64487525,0.171637976,374.7068528,0.090944366,Fresh
lithchi_fresh (636),77.90236887,2.481385424,4.67856058,18.62563841,0.256887117,247.2949824,0.019362381,Fresh
lithchi_fresh (637),75.59744768,2.243002753,4.893774543,19.88460363,0.479111879,242.3013499,0.041628493,Fresh
lithchi_fresh (638),81.97811976,2.39494098,4.625500692,18.24875524,0.156479625,347.2070801,0.044885137,Fresh
lithchi_fresh (639),78.51536507,3.7738498,4.782037014,18.85901311,0.405406337,264.0032226,0.059901104,Fresh
lithchi_fresh (640),79.16769512,3.291621625,4.679289231,16.27380181,0.143473016,301.2089385,0.007173534,Fresh
lithchi_fresh (641),75.46953534,2.571813578,4.828315537,17.67066798,0.492503031,232.5022131,0.022675862,Fresh
lithchi_fresh (642),80.24972329,3.631893878,4.620199456,16.46543394,0.2526466,391.9491443,0.093149039,Fresh
lithchi_fresh (643),76.46933915,3.722739993,4.595796473,18.45118334,0.410093816,370.31628,0.090841011,Fresh
lithchi_fresh (644),81.28638003,3.693028677,4.959119543,19.75392863,0.237036433,372.7579246,0.078129065,Fresh
lithchi_fresh (645),76.43597748,3.837853067,4.550901841,18.64711093,0.351067551,281.3547497,0.001940125,Fresh
lithchi_fresh (646),76.33481404,2.50448204,4.752978954,16.30721219,0.176806434,352.4722427,0.032700677,Fresh
lithchi_fresh (647),75.25584767,3.510083857,4.610426391,17.41866482,0.158408408,228.7752311,0.062795874,Fresh
lithchi_fresh (648),78.30446862,2.921078995,4.519464982,18.20265352,0.475225656,201.7238005,0.027519021,Fresh
lithchi_fresh (649),78.95388793,3.683997106,4.518009409,17.61283102,0.467058911,203.9945865,0.09095867,Fresh
lithchi_fresh (650),75.45996048,3.456981354,4.587610886,19.33457604,0.454987576,317.3203475,0.063388946,Fresh
lithchi_fresh (651),80.42869332,3.552894893,4.933385177,19.25868402,0.35017338,291.078981,0.007190672,Fresh
lithchi_fresh (652),78.17302184,3.312323675,4.641239372,18.44732408,0.423307284,303.6030698,0.090900559,Fresh
lithchi_fresh (653),78.67073189,2.354857539,4.975229585,17.49383178,0.127614775,201.4926281,0.095776666,Fresh
lithchi_fresh (654),78.08533923,3.090053838,4.790811146,17.0213455,0.233915617,284.5373239,0.007771242,Fresh
lithchi_fresh (655),77.80534143,3.969339479,4.718307095,16.42349727,0.22548125,343.6136322,0.053236023,Fresh
lithchi_fresh (656),78.91748232,3.874776133,4.790044417,17.41959073,0.354258129,288.5387404,0.030336428,Fresh
lithchi_fresh (657),76.08668172,2.086347472,4.758349193,17.65269007,0.242383109,346.4438413,0.039283908,Fresh
lithchi_fresh (658),76.27349691,2.329629631,4.879388127,18.7032917,0.159402713,246.6037929,0.017965122,Fresh
lithchi_fresh (659),81.03249935,2.263457547,4.641248033,18.6326393,0.33858683,362.6284009,0.05780721,Fresh
lithchi_fresh (660),81.62280823,3.45195982,4.676525196,16.28043256,0.425753568,317.6862481,0.095797935,Fresh
lithchi_fresh (661),77.61316521,3.63557066,4.947047151,17.58103726,0.252849398,242.1526199,0.05030726,Fresh
lithchi_fresh (662),76.89521271,2.427022733,4.973228257,16.72711547,0.152907486,247.3440952,0.008291458,Fresh
lithchi_fresh (663),79.5079968,3.011705386,4.946279114,16.62725082,0.178675279,325.6060929,0.062000133,Fresh
lithchi_fresh (664),77.8611392,3.681406056,4.709723997,19.3092086,0.194993322,365.9879186,0.034022299,Fresh
lithchi_fresh (665),75.17770449,3.46560309,4.890182752,16.16766087,0.219959037,283.1255564,0.085592519,Fresh
lithchi_fresh (666),76.09306818,3.084474411,4.738167867,17.6767315,0.357118028,251.6600858,0.043467815,Fresh
lithchi_fresh (667),80.0118056,3.180695381,4.748769926,16.67281462,0.340378194,373.4023214,0.019283961,Fresh
lithchi_fresh (668),79.61246759,3.016721094,4.602340055,19.51732086,0.378431945,333.8536584,0.019110562,Fresh
lithchi_fresh (669),75.18967195,2.595096903,4.795565152,18.22816205,0.245000794,289.6170975,0.076876418,Fresh
lithchi_fresh (670),76.55380513,3.130043986,4.593067949,16.92552255,0.429599061,297.5800391,0.02655876,Fresh
lithchi_fresh (671),76.61752358,3.377770604,4.66578235,18.00970915,0.181635064,240.8512936,0.076723339,Fresh
lithchi_fresh (672),79.70324921,3.746645832,4.927515101,18.92594544,0.287616299,325.360526,0.020588731,Fresh
lithchi_fresh (673),75.13797376,3.272582708,4.603537905,19.83247204,0.420375489,271.7485021,0.032168637,Fresh
lithchi_fresh (674),75.72876007,3.522243074,4.535579143,16.88178402,0.172063459,399.1290353,0.046548697,Fresh
lithchi_fresh (675),80.5994126,2.32014327,4.534503796,19.54472709,0.143945245,296.0367031,0.094319585,Fresh
lithchi_fresh (676),76.24981263,2.923114949,4.97039226,19.73721646,0.453473587,297.1771212,0.093173142,Fresh
lithchi_fresh (677),79.56922275,2.01866324,4.753460219,19.66568218,0.237171865,313.1703575,0.020687188,Fresh
lithchi_fresh (678),76.66727947,2.493357729,4.704706036,18.54165743,0.37354805,383.3512006,0.035821904,Fresh
lithchi_fresh (679),75.69608975,3.45292343,4.905439291,18.51928262,0.110139442,360.16362,0.014939939,Fresh
lithchi_fresh (680),76.70220534,3.983619903,4.917912964,17.61284253,0.376018755,290.226014,0.050998508,Fresh
lithchi_fresh (681),80.05586852,2.198356199,4.666095517,19.00959153,0.226440525,343.7398532,0.046058255,Fresh
lithchi_fresh (682),80.98987528,2.802988632,4.846809029,18.12517607,0.122296341,317.2470998,0.090076016,Fresh
lithchi_fresh (683),80.81153905,3.600141937,4.885561408,18.70975228,0.343925105,298.4734097,0.093000538,Fresh
lithchi_fresh (684),77.78028471,2.408071269,4.827325343,17.71383162,0.196321526,238.4631546,0.038356739,Fresh
lithchi_fresh (685),79.67659596,3.110169899,4.575797537,18.92598586,0.254722897,292.7872527,0.049173794,Fresh
lithchi_fresh (686),76.43489007,3.466142592,4.937941542,19.29788607,0.132232325,249.1637174,0.089623625,Fresh
lithchi_fresh (687),77.05203411,3.231970901,4.769547276,16.58574503,0.1588653,382.96843,0.080670781,Fresh
lithchi_fresh (688),81.27435073,2.376049469,4.641236213,19.33171886,0.219190894,267.0813627,0.000365631,Fresh
lithchi_fresh (689),75.09101346,2.710769137,4.712614093,18.16118613,0.1359038,390.4528029,0.032005956,Fresh
lithchi_fresh (690),75.59855972,3.567583569,4.518785545,19.37866364,0.464330506,306.611058,0.042177424,Fresh
lithchi_fresh (691),76.45520379,3.108453028,4.563933401,17.72520683,0.102418817,326.3088757,0.022971628,Fresh
lithchi_fresh (692),75.18572543,2.010459227,4.882773375,17.51616194,0.293544088,308.5880889,0.019957162,Fresh
lithchi_fresh (693),76.27004805,3.52198152,4.500005817,19.66024293,0.149298983,225.8761234,0.003778451,Fresh
lithchi_fresh (694),79.08129093,2.07062271,4.708282914,17.00467707,0.223071636,275.1642438,0.064336973,Fresh
lithchi_fresh (695),77.94997185,3.491467565,4.761255091,19.3768493,0.470423824,219.8292225,0.026251029,Fresh
lithchi_fresh (696),81.24870198,2.40496112,4.52731721,17.93608229,0.164677821,324.5908088,0.005234718,Fresh
lithchi_fresh (697),80.72210493,3.91614696,4.986539081,18.05638177,0.486332928,289.374839,0.023097931,Fresh
lithchi_fresh (698),77.39272146,2.735881503,4.613062666,17.23387313,0.182317751,355.5969943,0.080191395,Fresh
lithchi_fresh (699),76.81596403,2.653863233,4.65209936,18.2921688,0.396626443,244.0940962,0.085148918,Fresh
lithchi_fresh (700),77.65784686,2.297776101,4.651971256,17.30084479,0.318670906,232.9132117,0.048306625,Fresh
lithchi_fresh (701),79.1320646,2.611208431,4.615208331,16.15707766,0.453791491,281.2664462,0.041607067,Fresh
lithchi_fresh (702),76.87644549,3.753301524,4.500736911,17.08799442,0.321597302,385.3170766,0.097785369,Fresh
lithchi_fresh (703),79.36904235,3.992668675,4.864672397,16.02551617,0.313823688,342.084363,0.020056466,Fresh
lithchi_fresh (704),77.86588157,2.736619061,4.98342275,19.91341915,0.1781832,283.784725,0.021535928,Fresh
lithchi_fresh (705),78.86433027,2.897221262,4.612146742,19.86298884,0.166491745,303.454434,0.029186718,Fresh
lithchi_fresh (706),78.0528857,3.444141876,4.831523596,17.58062119,0.46659566,216.8426022,0.017275732,Fresh
lithchi_fresh (707),77.06126032,3.772391561,4.870948163,18.91348342,0.23113528,396.9151793,0.03793656,Fresh
lithchi_fresh (708),81.63917315,3.186088668,4.92421269,17.38322439,0.248832902,333.2814609,0.091083423,Fresh
lithchi_fresh (709),80.34524056,2.783051396,4.711314599,18.68437263,0.403929463,257.0808137,0.061534784,Fresh
lithchi_fresh (710),75.98079223,2.825243682,4.651465453,19.22172017,0.235529393,317.1616788,0.041194655,Fresh
lithchi_fresh (711),81.07927583,3.391236293,4.662647567,19.78702498,0.480824979,221.8964732,0.093441079,Fresh
lithchi_fresh (712),78.41201839,2.006436527,4.856310667,17.6008491,0.395171108,393.1673338,0.004846423,Fresh
lithchi_fresh (713),81.26186559,3.239178675,4.908389733,19.13319193,0.338971697,234.9569976,0.021027618,Fresh
lithchi_fresh (714),80.59898679,2.710986021,4.590806984,17.0637138,0.452358064,329.6060636,0.056588861,Fresh
lithchi_fresh (715),77.97649453,3.588394663,4.685470504,19.96132922,0.119842363,249.0908925,0.061555262,Fresh
lithchi_fresh (716),75.15728516,2.18598128,4.950970098,16.1030784,0.202825077,343.5122765,0.003955751,Fresh
lithchi_fresh (717),76.88074152,3.176404534,4.90334676,18.41411523,0.286014534,355.3642734,0.040303876,Fresh
lithchi_fresh (718),78.7914395,2.96194578,4.992429201,18.63802393,0.190791416,334.6839458,0.064915396,Fresh
lithchi_fresh (719),79.43434754,3.284651052,4.87712413,18.75218223,0.397562075,322.8998921,0.069807055,Fresh
lithchi_fresh (720),76.8052138,2.129707189,4.696597601,16.48155032,0.467683212,378.4938188,0.06381399,Fresh
lithchi_fresh (721),75.97549252,3.159967575,4.795318917,19.75411913,0.269508048,215.7253422,0.032056322,Fresh
lithchi_fresh (722),80.84451166,3.122969176,4.830507127,16.72473312,0.23685304,266.1829532,0.009352012,Fresh
lithchi_fresh (723),81.89081526,3.121320189,4.539227908,18.49101361,0.484620293,249.6574959,0.042711245,Fresh
lithchi_fresh (724),78.67983128,3.206975333,4.77224848,16.89070432,0.277940973,397.6027924,0.012875444,Fresh
lithchi_fresh (725),76.201755,3.352935874,4.854660414,17.22886567,0.29561936,277.8779559,0.094762366,Fresh
lithchi_fresh (726),76.90615129,3.609977999,4.583660652,18.18583417,0.240659949,346.5225398,0.047517087,Fresh
lithchi_fresh (727),75.12873474,2.53964144,4.890315859,17.66877367,0.463819389,336.9450328,0.031725917,Fresh
lithchi_fresh (728),81.40009165,3.65009882,4.79188639,16.6409024,0.327582193,242.4162475,0.076630407,Fresh
lithchi_fresh (729),75.82425758,2.996511365,4.976110893,16.68374561,0.404869835,247.799536,0.049794859,Fresh
lithchi_fresh (730),79.03561533,2.154116558,4.521211149,17.67257915,0.424722687,256.2569127,0.031003402,Fresh
lithchi_fresh (731),76.91838654,2.117101858,4.632663069,19.02913191,0.236739617,282.2254557,0.081196774,Fresh
lithchi_fresh (732),78.87924602,2.668476637,4.80077694,19.59185859,0.273477733,246.8650131,0.086715215,Fresh
lithchi_fresh (733),79.55994272,3.569793954,4.648279956,16.33651065,0.43938871,203.9302965,0.067300817,Fresh
lithchi_fresh (734),80.80819263,3.415361869,4.857212082,17.57241563,0.245302141,375.8786114,0.004696442,Fresh
lithchi_fresh (735),76.4449489,3.577229929,4.879502641,16.40098225,0.417574053,393.1219663,0.056632288,Fresh
lithchi_fresh (736),75.0769708,3.034538113,4.551257982,16.06636992,0.476396929,268.3140774,0.076329491,Fresh
lithchi_fresh (737),75.95819941,2.880397996,4.756927232,18.64687473,0.349284149,267.7013759,0.013650301,Fresh
lithchi_fresh (738),81.30013049,2.294905053,4.754445278,18.40979777,0.396650915,201.4183626,0.022867075,Fresh
lithchi_fresh (739),81.11723054,2.656385507,4.684640385,16.65207646,0.422038925,336.0501377,0.088249511,Fresh
lithchi_fresh (740),79.18189172,2.868038732,4.966462431,16.93525133,0.43801586,365.0879791,0.002012172,Fresh
lithchi_fresh (741),79.20361802,2.177200859,4.91375316,16.09483101,0.258021335,229.3216601,0.075272714,Fresh
lithchi_fresh (742),79.65525672,2.441223905,4.848604691,19.33978882,0.120505384,231.9332699,0.047377329,Fresh
lithchi_fresh (743),76.22759895,3.196450588,4.857163318,19.89876238,0.260750508,358.01665,0.044677216,Fresh
lithchi_fresh (744),81.40088362,3.471326228,4.730858072,16.54183815,0.369502492,323.2581497,0.000709653,Fresh
lithchi_fresh (745),77.93139367,3.996695023,4.960497261,16.92590086,0.280140154,208.9721115,0.081939823,Fresh
lithchi_fresh (746),77.6819697,3.866226663,4.847297714,19.4736381,0.39958526,324.5093981,0.03598249,Fresh
lithchi_fresh (747),78.63242394,3.285130399,4.864490531,19.70585519,0.242792972,261.7835446,0.054076563,Fresh
lithchi_fresh (748),75.32876177,2.842496107,4.930845452,17.67850953,0.353897656,273.7450311,0.067730069,Fresh
lithchi_fresh (749),76.16398358,3.272354729,4.637035795,16.20248989,0.174567922,353.9462837,0.070262958,Fresh
lithchi_fresh (750),80.16623531,3.571303236,4.903535452,16.15756733,0.399747775,362.1870385,0.095598006,Fresh
lithchi_fresh (751),75.57959068,2.236672382,4.597620301,18.29579946,0.318278388,280.0713254,0.053133995,Fresh
lithchi_fresh (752),79.22206477,2.819809779,4.672670976,17.57158044,0.181625755,389.4305872,0.039971955,Fresh
lithchi_fresh (753),76.71744377,3.679604571,4.667805227,16.11460971,0.216764469,281.2925436,0.095370363,Fresh
lithchi_fresh (754),77.7250693,2.767665904,4.989262734,18.33300957,0.399443483,354.367207,0.064211024,Fresh
lithchi_fresh (755),77.02085616,3.143744542,4.928268612,16.04521015,0.293040494,296.7754529,0.029815036,Fresh
lithchi_fresh (756),77.48970902,3.175538722,4.850584931,19.14948783,0.186412576,379.5064653,0.012646425,Fresh
lithchi_fresh (757),80.03332134,2.368952506,4.863528381,17.22573129,0.486908476,381.5522487,0.08425545,Fresh
lithchi_fresh (758),77.07985201,2.724470883,4.781036397,16.16103201,0.386050008,217.4833616,0.03621816,Fresh
lithchi_fresh (759),78.96483248,2.669022577,4.973545334,18.35340888,0.482853933,387.2986663,0.066046972,Fresh
lithchi_fresh (760),78.33235282,2.052393417,4.748129376,17.59073766,0.270842018,365.1069683,0.047081642,Fresh
lithchi_fresh (761),79.64569816,2.048383528,4.690258855,19.89520165,0.290040136,358.2621429,0.019892978,Fresh
lithchi_fresh (762),81.55780818,3.663394087,4.581517668,18.17679465,0.459182086,240.1822679,0.060168661,Fresh
lithchi_fresh (763),80.12800468,2.54614162,4.893102826,17.10095672,0.310019736,361.0238418,0.006068307,Fresh
lithchi_fresh (764),76.50458265,3.036157532,4.867221966,18.83775546,0.382911565,370.0265469,0.041334246,Fresh
lithchi_fresh (765),75.21828195,2.597451147,4.692177519,17.08596801,0.200869151,257.8300669,0.054661494,Fresh
lithchi_fresh (766),76.83584831,3.88135849,4.512596707,19.61697317,0.278690587,390.4520157,0.043604697,Fresh
lithchi_fresh (767),79.16554551,2.518593518,4.919498664,17.49888788,0.149379946,209.9720293,0.074867218,Fresh
lithchi_fresh (768),75.35998069,2.859313625,4.505708992,18.19947425,0.182392014,229.9818506,0.082792495,Fresh
lithchi_fresh (769),78.47456373,3.745460501,4.85184989,16.20229242,0.100377366,307.5162276,0.077124307,Fresh
lithchi_fresh (770),79.17789994,3.683867134,4.985128555,17.70448495,0.115706021,315.1584942,0.003881295,Fresh
lithchi_fresh (771),77.33970724,2.372202836,4.718830664,19.32945416,0.490913529,329.0300167,0.019412877,Fresh
lithchi_fresh (772),80.39638543,3.60528662,4.617486702,19.22259522,0.196941478,203.3938259,0.053660751,Fresh
lithchi_fresh (773),75.74618777,2.916373773,4.852435505,16.89727424,0.365324284,392.0733549,0.093482204,Fresh
lithchi_fresh (774),75.52596447,2.965937744,4.908564071,16.90431628,0.43563988,208.9176185,0.083495678,Fresh
lithchi_fresh (775),80.09732129,2.266959945,4.773215158,19.26922125,0.320264184,228.6123905,0.084253451,Fresh
lithchi_fresh (776),78.46843921,2.161203028,4.983517638,19.72159368,0.1612578,202.8029035,0.030320819,Fresh
lithchi_fresh (777),79.81881677,3.455878614,4.525834361,16.38144369,0.391246575,313.3716867,0.04294479,Fresh
lithchi_fresh (778),78.04379137,2.992922305,4.752397799,17.80023456,0.340100564,386.4533768,0.047070595,Fresh
lithchi_fresh (779),76.72481423,2.873701405,4.859226974,17.34981712,0.392500236,333.1894332,0.015737158,Fresh
lithchi_fresh (780),80.73371622,3.459016457,4.931320236,19.48275382,0.407898649,364.5314937,0.003106813,Fresh
lithchi_fresh (781),80.59591115,3.531025798,4.589627806,16.33409966,0.490164147,202.6562407,0.09469029,Fresh
lithchi_fresh (782),79.8628753,2.317816335,4.900001741,16.84450377,0.329425312,308.4030597,0.024071259,Fresh
lithchi_fresh (783),76.90501596,3.220450299,4.776353538,19.00987335,0.236656445,291.9125955,0.02399489,Fresh
lithchi_fresh (784),79.13161467,2.270708165,4.698276841,16.2051754,0.359385823,299.7935888,0.008337905,Fresh
lithchi_fresh (785),77.52681728,3.502750172,4.565857514,17.97014152,0.127376284,214.4426371,0.092850775,Fresh
lithchi_fresh (786),75.64107451,3.313910313,4.932647879,17.76842814,0.458958927,336.8870722,0.057973711,Fresh
lithchi_fresh (787),81.42119503,3.913229242,4.578636604,17.33760472,0.147752405,300.644083,0.066703686,Fresh
lithchi_fresh (788),75.95773042,2.137916033,4.65489393,17.57828926,0.231137135,353.02977,0.091157689,Fresh
lithchi_fresh (789),81.65166148,2.114109442,4.645022766,18.11976235,0.426298152,297.0581268,0.034562017,Fresh
lithchi_fresh (790),78.12204041,2.564374149,4.935707017,16.64546943,0.338924951,229.8763272,0.062150731,Fresh
lithchi_fresh (791),76.2959305,2.523411367,4.836351497,18.28798351,0.257454208,329.6513908,0.003879945,Fresh
lithchi_fresh (792),78.79330663,2.493957598,4.898340699,19.22172932,0.289374264,234.4772724,0.018677253,Fresh
lithchi_fresh (793),81.11062085,3.812509161,4.625233949,19.04064372,0.441818957,374.4789127,0.083124581,Fresh
lithchi_fresh (794),80.1255742,2.4990924,4.81243705,16.61559962,0.236001754,322.6232478,0.076676836,Fresh
lithchi_fresh (795),80.64592804,2.543899452,4.785872992,16.59699788,0.447859874,231.4407767,0.035064269,Fresh
lithchi_fresh (796),79.61148357,3.518796525,4.916415188,17.07269747,0.135253772,392.4676115,0.037681063,Fresh
lithchi_fresh (797),79.84593595,2.899479685,4.95304353,17.44429891,0.410719375,303.6730927,0.053355443,Fresh
lithchi_fresh (798),80.94436956,3.553421114,4.506078386,17.63382233,0.439019053,214.5796904,2.41E-05,Fresh
lithchi_fresh (799),76.74767606,2.130732315,4.83700996,18.71878887,0.172727061,325.3665809,0.024124434,Fresh
lithchi_fresh (800),78.42597475,2.975142387,4.5259179,16.22672173,0.272138613,250.6397814,0.020823181,Fresh
lithchi_fresh (801),76.54846609,2.0672272,4.774429333,16.13869082,0.16619991,360.7386904,0.025048295,Fresh
lithchi_fresh (802),81.91367606,2.125306407,4.643816365,17.56764225,0.382641652,363.5644147,0.080590584,Fresh
lithchi_fresh (803),81.60841538,3.812874907,4.6533883,18.78865477,0.314139107,395.7894712,0.027967386,Fresh
lithchi_fresh (804),75.27598768,2.278490742,4.676479252,16.77374137,0.354129339,300.3739062,0.019152132,Fresh
lithchi_fresh (805),79.93902621,3.064841365,4.810646225,18.56601793,0.178594787,290.9913759,0.050426346,Fresh
lithchi_fresh (806),81.47673822,2.822191205,4.667024983,17.03931255,0.184698345,350.6951211,0.086564504,Fresh
lithchi_fresh (807),76.26402742,2.694686653,4.866349525,19.54434444,0.11659893,226.4941313,0.02413497,Fresh
lithchi_fresh (808),78.97561661,3.799666691,4.702263693,19.58275978,0.228827014,309.3831028,0.007853624,Fresh
lithchi_fresh (809),81.40841808,2.043646794,4.5341766,17.18914882,0.323897865,309.24952,0.035640474,Fresh
lithchi_fresh (810),75.23762185,3.327579372,4.891879921,16.91997502,0.443173966,217.8946246,0.074765182,Fresh
lithchi_fresh (811),79.88194187,3.926788868,4.642879162,17.64521589,0.366770979,283.5968171,0.055069054,Fresh
lithchi_fresh (812),77.08144305,3.120336367,4.71638344,16.96212634,0.274158529,370.6569597,0.081679337,Fresh
lithchi_fresh (813),81.47077337,3.873644924,4.842721942,18.68953537,0.481248046,371.2307244,0.095959215,Fresh
lithchi_fresh (814),81.79740772,2.104515759,4.666228079,19.30425874,0.38769808,219.847533,0.079266248,Fresh
lithchi_fresh (815),81.60986542,2.837586638,4.528292828,18.69236852,0.472066081,218.1441765,0.060380308,Fresh
lithchi_fresh (816),78.31949952,2.520315582,4.686960524,19.29740179,0.311035189,252.5390954,0.049334159,Fresh
lithchi_fresh (817),81.03429856,3.46164193,4.972224291,17.58796865,0.20356171,374.9532125,0.004006909,Fresh
lithchi_fresh (818),80.91184579,3.962594181,4.820867199,16.62526788,0.121130675,225.780517,0.098432198,Fresh
lithchi_fresh (819),77.23370331,2.513060125,4.835739574,18.95180379,0.390433941,343.9993605,0.038348112,Fresh
lithchi_fresh (820),80.80240832,3.308349203,4.816141077,17.44189802,0.148521199,220.2331239,0.015222821,Fresh
lithchi_fresh (821),75.25905344,2.396195266,4.599496069,18.6850833,0.221110051,324.6275707,0.066670886,Fresh
lithchi_fresh (822),79.17388915,3.130660509,4.709166932,17.08257577,0.312988363,271.2134598,0.028428829,Fresh
lithchi_fresh (823),76.61006186,2.927864973,4.875469899,16.32491854,0.325766635,357.7827926,0.058577827,Fresh
lithchi_fresh (824),75.8439682,3.944010659,4.550686449,19.97032718,0.340233279,246.7380898,0.058676791,Fresh
lithchi_fresh (825),75.53867241,3.217054545,4.638926388,16.62480603,0.166502132,327.8403659,0.044572982,Fresh
lithchi_fresh (826),79.87402143,2.699012744,4.638159554,19.95368398,0.251894962,247.1365069,0.083611862,Fresh
lithchi_fresh (827),77.37912475,2.22819157,4.716009464,19.90911973,0.346877691,342.7320566,0.026496706,Fresh
lithchi_fresh (828),80.0733674,2.302493657,4.99018437,19.17527242,0.487927546,374.7356069,0.044863259,Fresh
lithchi_fresh (829),75.45749439,2.45063386,4.533751273,18.63769185,0.391052455,225.3603598,0.053769213,Fresh
lithchi_fresh (830),77.20703236,2.501933323,4.759350497,18.3112282,0.469041503,373.3191377,0.066362472,Fresh
lithchi_fresh (831),78.77643905,3.701232116,4.589682341,19.46440618,0.404884823,318.7150509,0.078397185,Fresh
lithchi_fresh (832),80.53506215,3.122445577,4.985338273,17.15775809,0.336686788,225.4220982,0.039480728,Fresh
lithchi_fresh (833),77.23126752,3.046781823,4.556651752,17.87072485,0.176809348,285.5083711,0.064604694,Fresh
lithchi_fresh (834),79.38123964,2.229537744,4.701800501,18.47755988,0.366674261,232.1720587,0.015061095,Fresh
lithchi_fresh (835),81.20184424,3.720279387,4.868942492,17.6447619,0.349351826,340.0695778,0.09326481,Fresh
lithchi_fresh (836),79.31104232,3.445628606,4.852277214,17.70994582,0.340987668,351.7736269,0.038305881,Fresh
lithchi_fresh (837),76.63071632,2.135336724,4.711364318,17.32113867,0.295914347,221.1593041,0.072952142,Fresh
lithchi_fresh (838),75.17080547,3.415670194,4.673262084,18.25692727,0.311462642,301.2279705,0.002034108,Fresh
lithchi_fresh (839),81.09069212,3.087076435,4.698806189,19.40229811,0.233777011,362.9250112,0.020518714,Fresh
lithchi_fresh (840),75.14888588,2.163450691,4.632138132,16.80611351,0.307725077,387.2326083,0.048708254,Fresh
lithchi_fresh (841),81.12291171,2.916601283,4.602666469,19.73773216,0.179022362,302.7035733,0.087825247,Fresh
lithchi_fresh (842),78.70255994,2.969392574,4.741519849,18.75635061,0.422069759,390.0558447,0.052725515,Fresh
lithchi_fresh (843),81.57347389,2.33154908,4.634266878,19.29309285,0.174310782,307.1377941,0.092987048,Fresh
lithchi_fresh (844),80.59148265,3.891396294,4.643730832,18.22476277,0.133986516,278.8380989,0.04837969,Fresh
lithchi_fresh (845),81.98553877,3.699950743,4.828378032,19.11806681,0.274498411,369.6406257,0.04904491,Fresh
lithchi_fresh (846),77.45498271,3.338044675,4.984268666,16.06480159,0.363322976,298.5965421,0.011974679,Fresh
lithchi_fresh (847),80.37031802,2.924591122,4.8018186,19.2735217,0.27508673,294.3805021,0.080265624,Fresh
lithchi_fresh (848),77.8135164,2.823531083,4.538489734,16.16055544,0.210701653,298.0624979,0.024696541,Fresh
lithchi_fresh (849),78.35912934,3.301946934,4.537791807,19.55965351,0.323268474,369.3570004,0.089961249,Fresh
lithchi_fresh (850),79.39253824,3.090863739,4.97571161,19.96785099,0.238800934,366.3883083,0.091082422,Fresh
lithchi_fresh (851),81.1157398,2.124546212,4.648645395,17.17626985,0.473147076,280.7039985,0.094331011,Fresh
lithchi_fresh (852),81.88858428,3.025005298,4.546033493,16.84127423,0.469058056,266.659972,0.052023049,Fresh
lithchi_fresh (853),80.3779139,3.612807234,4.799522294,19.06145346,0.300948728,298.3856048,0.067709378,Fresh
lithchi_fresh (854),77.92436748,2.918479755,4.811824389,17.01210536,0.231153598,314.5545019,0.077851588,Fresh
lithchi_fresh (855),77.94949902,2.103913155,4.82425241,19.46224953,0.394852966,247.6674421,0.013101462,Fresh
lithchi_fresh (856),80.16307611,3.572556399,4.633701014,16.41137037,0.114685177,358.7910169,0.060095719,Fresh
lithchi_fresh (857),76.67144002,2.402727564,4.507555342,16.50382079,0.289907602,297.2965531,0.00342979,Fresh
lithchi_fresh (858),75.77331879,2.51724167,4.982507685,19.91660622,0.234529358,266.8091097,0.049756608,Fresh
lithchi_fresh (859),77.4823551,2.329412707,4.625446523,18.69535559,0.468214354,221.3641986,0.015484268,Fresh
lithchi_fresh (860),77.01067294,2.66043013,4.838013144,19.3875489,0.104801211,247.7690321,0.018292293,Fresh
lithchi_fresh (861),77.07415684,3.513503011,4.853314935,17.29731751,0.32112595,389.8562344,0.036504757,Fresh
lithchi_fresh (862),76.63525426,3.038771719,4.805003709,18.705935,0.396265432,261.0199374,0.043243717,Fresh
lithchi_fresh (863),75.29465233,2.409762548,4.656453697,18.37696731,0.294007195,233.7718579,0.062317242,Fresh
lithchi_fresh (864),75.12511754,3.755660156,4.635548127,18.41260048,0.134161212,292.1345583,0.007442842,Fresh
lithchi_fresh (865),81.91405673,3.75916371,4.798834141,18.73012984,0.488984556,261.4175487,0.050369176,Fresh
lithchi_fresh (866),77.99441194,3.74115685,4.933047817,18.30143669,0.307204173,207.0318501,0.018262513,Fresh
lithchi_fresh (867),77.69028653,2.477592423,4.973366864,17.71624948,0.345674498,264.6290435,0.057397518,Fresh
lithchi_fresh (868),79.75753098,2.902478688,4.552952902,17.10369078,0.194643913,308.8217248,0.063740461,Fresh
lithchi_fresh (869),76.52777722,3.969979312,4.577414306,19.07432532,0.293399234,310.3424744,0.055670926,Fresh
lithchi_fresh (870),81.64972829,3.544024953,4.972368129,16.90508972,0.271659797,271.3117842,0.073829551,Fresh
lithchi_fresh (871),80.5044151,2.054334842,4.868267614,18.76941722,0.129958337,289.4605513,0.033560924,Fresh
lithchi_fresh (872),75.62587702,2.130409183,4.941496912,16.93333129,0.142464141,393.1035836,0.076510659,Fresh
lithchi_fresh (873),77.92306543,2.927862754,4.601316317,18.50132068,0.434989008,275.4696954,0.043276708,Fresh
lithchi_fresh (874),81.15382815,3.818440412,4.793792936,18.98831307,0.195927981,251.6453627,0.04841845,Fresh
lithchi_fresh (875),81.61312416,3.077403596,4.850569797,16.87485556,0.177983309,248.6934088,0.064810213,Fresh
lithchi_fresh (876),78.27181058,2.995625016,4.840055943,16.2397732,0.301964581,291.5529225,0.001835838,Fresh
lithchi_fresh (877),79.29387972,2.2109474,4.704075845,16.52389497,0.407498853,351.9040297,0.065399422,Fresh
lithchi_fresh (878),76.16923762,3.313560209,4.507697446,18.42398787,0.124778607,241.1976368,0.061858515,Fresh
lithchi_fresh (879),81.93818038,3.644206321,4.791463028,19.39778562,0.330723168,341.8592254,0.030984712,Fresh
lithchi_fresh (880),76.62170191,2.760840015,4.62655077,16.17998728,0.147684177,204.2299647,0.008579428,Fresh
lithchi_fresh (881),81.59912242,3.551223702,4.725127123,18.93660504,0.11458442,283.7865956,0.009093545,Fresh
lithchi_fresh (882),79.54752654,3.928953308,4.978790508,17.36527458,0.121097581,355.173013,0.092322375,Fresh
lithchi_fresh (883),79.25415756,2.407532918,4.699517659,17.91411348,0.433665643,267.7465912,0.068927932,Fresh
lithchi_fresh (884),78.58881958,3.046659262,4.919900803,19.7154382,0.147188993,312.7474203,0.012710261,Fresh
lithchi_fresh (885),76.61468868,2.574275916,4.594270303,17.32788602,0.118060546,240.9958466,0.035672317,Fresh
lithchi_fresh (886),76.23569622,3.585708838,4.836230249,17.86134774,0.275159955,348.3990782,0.059248299,Fresh
lithchi_fresh (887),76.54340346,3.155186732,4.988503477,16.05472966,0.437597389,210.4558207,0.083557171,Fresh
lithchi_fresh (888),76.30506784,3.269164835,4.55094655,16.32639488,0.204963351,370.508529,0.004366093,Fresh
lithchi_fresh (889),80.45709131,3.595828319,4.504159971,17.03436636,0.268685047,239.6392773,0.023663313,Fresh
lithchi_fresh (890),77.45087681,2.791940945,4.716791396,16.11140896,0.115969013,374.8796063,0.088974899,Fresh
lithchi_fresh (891),75.40489874,3.830180137,4.546312742,18.5255013,0.279631406,270.5058483,0.000916555,Fresh
lithchi_fresh (892),81.78371841,3.066057734,4.874192175,17.70559343,0.331045232,344.5367149,0.02013991,Fresh
lithchi_fresh (893),81.18650119,2.315909646,4.957274332,18.19258081,0.328362822,263.8450596,0.095902418,Fresh
lithchi_fresh (894),81.49426598,3.391798236,4.717010486,16.69858874,0.232970677,381.1823342,0.061340185,Fresh
lithchi_fresh (895),81.96435476,3.586522701,4.629355821,17.18372812,0.226213272,225.3274251,0.026167137,Fresh
lithchi_fresh (896),76.21726674,2.633523354,4.71720166,18.6552979,0.142649448,235.7039579,0.006699109,Fresh
lithchi_fresh (897),77.77369413,3.714358514,4.861723909,19.86121089,0.246719328,298.606025,0.002819134,Fresh
lithchi_fresh (898),80.30766933,3.81228651,4.504527081,16.20166709,0.139797868,216.3876878,0.024474508,Fresh
lithchi_fresh (899),79.87214433,2.553808975,4.794726995,19.56153728,0.406638378,239.1960369,0.088148582,Fresh
lithchi_fresh (900),76.07727134,3.967042945,4.806645842,18.30752481,0.486509719,388.7532764,0.041591365,Fresh
lithchi_fresh (901),80.71083187,2.281423056,4.818844123,18.25567827,0.488029783,395.2979322,0.072033337,Fresh
lithchi_fresh (902),76.571084,2.404031337,4.62101104,18.00111414,0.44602844,275.2518659,0.091828504,Fresh
lithchi_fresh (903),76.5667233,2.368449678,4.857026362,16.27757634,0.34031686,384.6572042,0.040804046,Fresh
lithchi_fresh (904),78.75882096,3.78797942,4.545695743,16.35950741,0.380346279,308.9649351,0.019127737,Fresh
lithchi_fresh (905),79.15057954,3.308585105,4.599635168,18.40364802,0.214082321,253.9484932,0.051711793,Fresh
lithchi_fresh (906),79.06060345,2.304208566,4.938735023,17.36383429,0.352308168,340.4797442,0.090808369,Fresh
lithchi_fresh (907),75.64040786,2.880646837,4.869361575,19.66907227,0.28225982,331.7803613,0.080437441,Fresh
lithchi_fresh (908),81.14222604,3.23059605,4.506872777,17.62636215,0.292806936,397.8250638,0.006582984,Fresh
lithchi_fresh (909),76.8592003,2.16692817,4.62418813,16.57312583,0.403110624,253.0094575,0.06925728,Fresh
lithchi_fresh (910),75.90660445,3.764832737,4.607203241,18.85887533,0.212767342,334.4119005,0.057189752,Fresh
lithchi_fresh (911),81.22123656,3.607207071,4.635403164,17.17341369,0.227215845,210.404751,0.090746318,Fresh
lithchi_fresh (912),81.68956049,3.010413547,4.623779885,18.10188123,0.469856716,222.7292077,0.012248142,Fresh
lithchi_fresh (913),81.03489332,3.934253231,4.531263148,18.79133114,0.122489718,200.783675,0.053403611,Fresh
lithchi_fresh (914),80.66661252,2.835521959,4.729470258,19.60105644,0.294253719,399.8921362,0.087946269,Fresh
lithchi_fresh (915),79.58669386,3.968220638,4.866366737,19.16876478,0.46512032,360.4547394,0.041002379,Fresh
lithchi_fresh (916),78.85600159,3.335839998,4.803365862,18.70544427,0.344145203,357.3446029,0.048199492,Fresh
lithchi_fresh (917),75.60890732,3.269342547,4.836435834,18.71853273,0.31856283,301.9452151,0.007046068,Fresh
lithchi_fresh (918),77.85917249,2.331909791,4.540574589,19.78369858,0.199897672,260.0134166,0.027814364,Fresh
lithchi_fresh (919),77.60881962,3.763855517,4.975745355,17.18329639,0.237310196,230.2528569,0.032450665,Fresh
lithchi_fresh (920),76.81827649,2.854979376,4.919245917,16.00444838,0.440819366,256.9349478,0.094512245,Fresh
lithchi_fresh (921),80.0639408,2.324466812,4.902545159,17.08781824,0.323687253,275.1942444,0.028266736,Fresh
lithchi_fresh (922),78.47113015,2.02521504,4.911491903,16.87156552,0.305896878,351.2620194,0.046086874,Fresh
lithchi_fresh (923),75.56732351,3.119511367,4.966355254,18.64733834,0.139831885,307.9323578,0.067130442,Fresh
lithchi_fresh (924),76.54128241,3.054799244,4.772126983,18.5348464,0.106411263,215.4967253,0.016218337,Fresh
lithchi_fresh (925),79.78281135,3.438707245,4.600141009,18.37384553,0.485474075,203.6058018,0.048644239,Fresh
lithchi_fresh (926),75.53291602,3.780516106,4.808391804,16.06497377,0.250794467,220.4664359,0.073853904,Fresh
lithchi_fresh (927),80.9584484,2.158813169,4.871440747,18.91511222,0.341285225,282.0997427,0.086685521,Fresh
lithchi_fresh (928),78.46602569,3.462992981,4.868958697,17.29412165,0.131886029,386.6385834,0.062625927,Fresh
lithchi_fresh (929),78.36410604,2.374823888,4.760724512,18.66022396,0.373245714,327.4804962,0.066905352,Fresh
lithchi_fresh (930),79.14685449,3.716354106,4.53422936,18.22631371,0.473026683,360.36518,0.012628347,Fresh
lithchi_fresh (931),80.77276676,3.638127028,4.685556469,17.3709237,0.330266101,293.2749189,0.09457765,Fresh
lithchi_fresh (932),77.43466446,3.08158751,4.960383304,16.53830507,0.150446129,272.3332166,0.013257408,Fresh
lithchi_fresh (933),79.74611307,3.420485597,4.792224455,16.37767559,0.332688611,221.6800745,0.077467294,Fresh
lithchi_fresh (934),78.96012375,2.628700226,4.769165972,19.32607333,0.406538885,375.1866044,0.026481632,Fresh
lithchi_fresh (935),76.86919789,2.942335798,4.634426757,19.67359017,0.262566615,356.6320058,0.093359314,Fresh
lithchi_fresh (936),81.1504099,3.643273795,4.68422446,18.59915219,0.451935099,233.6236195,0.071995954,Fresh
lithchi_fresh (937),80.58198215,2.918530394,4.947673045,16.41373646,0.359473181,302.4521128,0.075381371,Fresh
lithchi_fresh (938),79.60916284,2.715596531,4.833231524,17.60810887,0.459699567,297.4749616,0.021905917,Fresh
lithchi_fresh (939),80.9540721,2.988424895,4.893693513,18.9157568,0.349402124,325.0183105,0.044303998,Fresh
lithchi_fresh (940),81.07105941,3.656498505,4.727172712,19.11928354,0.152515189,389.2373788,0.061781319,Fresh
lithchi_fresh (941),79.95854084,2.670416095,4.81512361,16.47287449,0.223876684,315.9542884,0.076997362,Fresh
lithchi_fresh (942),80.8590933,2.347523186,4.624191804,16.00012288,0.180717979,308.0434534,0.010395938,Fresh
lithchi_fresh (943),79.88230023,3.424028041,4.852730415,18.84854818,0.463530599,210.0645866,0.096236532,Fresh
lithchi_fresh (944),79.7609854,3.651956425,4.713800667,17.4263847,0.404160027,212.5814952,0.089022067,Fresh
lithchi_fresh (945),79.33027965,2.201274957,4.721272757,17.01792533,0.370559348,237.4693583,0.027034859,Fresh
lithchi_fresh (946),80.26901648,2.479748226,4.824661162,16.05158988,0.220386528,206.4941543,0.082276024,Fresh
lithchi_fresh (947),76.11023574,2.28394398,4.968140311,18.16119763,0.173617909,348.6705791,0.051832392,Fresh
lithchi_fresh (948),81.16609531,2.695882823,4.532003173,19.40460294,0.402580435,344.6660608,0.046180648,Fresh
lithchi_fresh (949),81.10290469,2.900701958,4.912371619,19.83052659,0.289663178,227.2112469,0.031443411,Fresh
lithchi_fresh (950),75.20473098,3.497652674,4.646191555,18.2629798,0.190315821,367.2157802,0.058096859,Fresh
lithchi_fresh (951),80.78071725,3.30229517,4.721959727,18.05784531,0.346648791,230.957207,0.072988912,Fresh
lithchi_fresh (952),75.90208907,3.241857135,4.510956664,16.34022554,0.116133541,260.2351174,0.04109329,Fresh
lithchi_fresh (953),77.34583198,2.704749893,4.650523039,18.19549121,0.230468102,249.7953798,0.062921919,Fresh
lithchi_fresh (954),80.20455779,3.682895106,4.751315621,17.51991632,0.287422798,274.4614197,0.069931292,Fresh
lithchi_fresh (955),76.12531927,2.942574335,4.528088039,18.42854112,0.159183334,250.9327532,0.071112182,Fresh
lithchi_fresh (956),80.72576917,3.958209876,4.745547865,17.55490539,0.493861791,297.7901853,0.00519661,Fresh
lithchi_fresh (957),80.82493925,3.268284277,4.963555314,16.96119649,0.183638946,281.4815763,0.085974781,Fresh
lithchi_fresh (958),78.55227414,2.252529483,4.552696609,16.3798611,0.152141252,397.3138982,0.045825331,Fresh
lithchi_fresh (959),75.0447011,3.352355124,4.882220364,17.25967378,0.18141395,211.18527,0.026241608,Fresh
lithchi_fresh (960),77.00926693,2.650208031,4.704835527,16.38657934,0.407624453,228.4362753,0.024176451,Fresh
lithchi_fresh (961),79.31848843,3.372654393,4.827586857,16.7075878,0.270202264,210.5651788,0.048301411,Fresh
lithchi_fresh (962),81.86830325,2.139282296,4.630118299,19.94934463,0.326166376,325.168239,0.088683154,Fresh
lithchi_fresh (963),79.42269469,2.349762874,4.579746131,17.77641423,0.108403663,210.9018555,0.037834758,Fresh
lithchi_fresh (964),76.81862507,3.711474518,4.580231307,18.12748707,0.113772523,367.2879475,0.074972575,Fresh
lithchi_fresh (965),79.43803992,2.454359114,4.535245973,19.49447411,0.27833022,302.3877261,0.009681873,Fresh
lithchi_fresh (966),78.77989766,3.67408225,4.592823352,19.9822756,0.426662097,305.4015249,0.04760567,Fresh
lithchi_fresh (967),80.45891777,2.558552177,4.832109692,18.3308578,0.454095551,312.3189015,0.099168614,Fresh
lithchi_fresh (968),75.74886447,3.28576382,4.940845306,19.24989528,0.134682627,234.1627413,0.07704378,Fresh
lithchi_fresh (969),80.32719532,3.388301147,4.907062843,17.3077641,0.315345241,239.5380606,0.021052849,Fresh
lithchi_fresh (970),78.78886605,3.025309506,4.842567155,17.22297583,0.465291875,263.7634646,0.050144147,Fresh
lithchi_fresh (971),81.74094403,2.610621353,4.555215932,17.61081488,0.255189102,318.6992832,0.023362476,Fresh
lithchi_fresh (972),77.39310516,2.425288753,4.644593723,18.69002905,0.431826333,242.0235552,0.040956093,Fresh
lithchi_fresh (973),79.42835325,2.066378709,4.654903438,18.72876676,0.153478262,223.2663454,0.078008402,Fresh
lithchi_fresh (974),81.52419674,2.607892802,4.624978473,17.26095774,0.474157796,394.0233773,0.077122482,Fresh
lithchi_fresh (975),75.7175681,3.306325581,4.75750283,16.5328397,0.400569327,204.396363,0.022810038,Fresh
lithchi_fresh (976),81.56059941,3.876609637,4.767776907,18.52958503,0.476533757,360.5394811,0.092222332,Fresh
lithchi_fresh (977),79.81520006,3.742408965,4.678442988,16.51330345,0.370646893,357.6070299,0.059256818,Fresh
lithchi_fresh (978),75.47485941,3.532129553,4.676894579,18.31397003,0.245361573,259.4428228,0.037992429,Fresh
lithchi_fresh (979),77.10674497,3.576894687,4.914277799,18.77368851,0.475272469,227.1253232,0.050193558,Fresh
lithchi_fresh (980),79.95720462,3.329969807,4.894646424,18.80244599,0.210226711,229.1257293,0.060507125,Fresh
lithchi_fresh (981),75.47145421,2.520573715,4.653897916,19.01388844,0.232869009,339.4863234,0.055989053,Fresh
lithchi_fresh (982),79.07519322,3.814390061,4.956894222,19.49143769,0.380323367,328.5613182,0.048640504,Fresh
lithchi_fresh (983),77.4211814,3.341464624,4.976407509,17.99983597,0.40612652,356.5491349,0.05049328,Fresh
lithchi_fresh (984),79.34640862,3.120881262,4.663371271,18.92099676,0.471761394,387.4962345,0.017641191,Fresh
lithchi_fresh (985),75.32019424,2.221978938,4.677212474,18.47669094,0.181920964,338.3854727,0.08127329,Fresh
lithchi_fresh (986),81.10075764,2.894111088,4.752817077,16.74655976,0.419199214,231.1703073,0.054176032,Fresh
lithchi_fresh (987),81.81442278,2.920716542,4.970560406,16.10275858,0.395418421,248.6885234,0.013107986,Fresh
lithchi_fresh (988),81.78214499,3.729127219,4.938159717,17.13816554,0.125517823,368.4387462,0.07661571,Fresh
lithchi_fresh (989),80.24756282,3.09329644,4.551283981,17.77213483,0.254889256,241.8612152,0.093244398,Fresh
lithchi_fresh (990),75.91060368,2.760801098,4.696365372,18.46842378,0.213106183,214.5044634,0.09473069,Fresh
lithchi_fresh (991),80.30784237,3.953600657,4.776685595,19.39983732,0.22179617,340.6560108,0.036901773,Fresh
lithchi_fresh (992),75.17210842,2.221441187,4.751566236,16.78498287,0.493178752,280.5052711,0.013551687,Fresh
lithchi_fresh (993),75.15486486,2.845096857,4.596931534,16.50219916,0.357110965,384.0080105,0.051839963,Fresh
lithchi_fresh (994),77.26527153,2.08404935,4.929408386,19.85391979,0.387070463,330.0510142,0.011260923,Fresh
lithchi_fresh (995),78.42050233,3.479808242,4.838470391,16.43217824,0.490647055,218.0837956,0.093398742,Fresh
lithchi_fresh (996),80.39285192,3.836153104,4.918954187,17.91396428,0.250880713,389.5713135,0.018357963,Fresh
lithchi_fresh (997),79.78306764,2.560074659,4.92938214,18.34225492,0.420736067,251.7114527,0.025276586,Fresh
lithchi_fresh (998),78.12131894,3.716683354,4.874177927,18.16549768,0.273812385,267.4424981,0.040663653,Fresh
lithchi_fresh (999),76.91538666,2.584436461,4.719605301,16.34412863,0.447813469,280.4520827,0.038316447,Fresh
lithchi_fresh (1000),81.9798715,3.821540323,4.805273378,16.22810766,0.172263017,210.2448593,0.079466289,Fresh
litchi_rotten (1),64.56316821,0.674010448,4.136242421,11.90393248,6.41548851,1231.820048,0.135028771,Rotten
litchi_rotten (2),61.7076826,1.260759308,4.159394013,9.324855258,12.10387647,1156.301528,0.034046606,Rotten
litchi_rotten (3),62.67209895,0.515838071,3.545023456,8.474622813,11.61130587,1494.118443,0.037952712,Rotten
litchi_rotten (4),65.09113385,1.057810126,3.781659378,10.2815493,5.439716416,1488.251191,0.185300124,Rotten
litchi_rotten (5),61.47453917,0.879461381,3.516421315,11.62541684,13.36593779,1244.517196,0.006443072,Rotten
litchi_rotten (6),66.11655676,1.00655,3.73059166,11.13624712,7.487432663,1110.009354,0.092506989,Rotten
litchi_rotten (7),65.65747307,1.062830237,3.875807753,10.49006347,9.322270755,1143.798678,0.062695058,Rotten
litchi_rotten (8),67.14702316,0.813367694,4.137556451,9.260225986,11.67933735,1277.735346,0.133015488,Rotten
litchi_rotten (9),69.37704615,0.79510886,4.092588026,10.16752069,9.294187869,871.102181,0.167925878,Rotten
litchi_rotten (10),69.12254561,1.233401849,3.589249809,8.364979365,9.412878028,1029.846452,0.072075624,Rotten
litchi_rotten (11),69.46075618,1.371276988,3.565121262,10.7157817,5.656279953,852.6905687,0.085380417,Rotten
litchi_rotten (12),62.44715597,0.692581632,3.912487137,10.90038408,9.014435493,851.3525317,0.196383557,Rotten
litchi_rotten (13),61.31565307,0.597618761,3.872482581,11.86012649,12.64847893,937.0874693,0.156783302,Rotten
litchi_rotten (14),63.022767,1.397795806,3.686464349,9.041589435,14.15176337,1139.677278,0.179440826,Rotten
litchi_rotten (15),68.95085173,0.849895464,4.129617159,8.073825676,9.134971371,1349.342025,0.087752444,Rotten
litchi_rotten (16),69.72053475,1.051317391,4.149156487,10.18243386,9.235858269,1139.847124,0.046815241,Rotten
litchi_rotten (17),68.59324951,0.859543145,3.781828007,10.82716202,12.02627106,1034.833627,0.082372693,Rotten
litchi_rotten (18),61.10017721,0.625802336,4.12321179,11.1616299,14.42772001,857.6470932,0.143218384,Rotten
litchi_rotten (19),69.47427998,1.089331645,3.768764226,8.774955732,7.670609402,1185.206866,0.021886081,Rotten
litchi_rotten (20),64.23358027,1.025140852,4.015771782,9.047011476,9.401442065,989.8880105,0.054093821,Rotten
litchi_rotten (21),60.09310291,0.702993559,3.833159552,10.0503637,12.95973244,1230.453925,0.00932718,Rotten
litchi_rotten (22),64.42393741,0.951869045,3.58580821,9.32240324,11.09693569,1484.031417,0.086469548,Rotten
litchi_rotten (23),60.4606917,1.296947504,4.149553941,11.44204595,6.10586344,877.920025,0.165489147,Rotten
litchi_rotten (24),65.43877921,1.090426103,3.817867615,9.895040615,11.27732736,948.4877791,0.004932738,Rotten
litchi_rotten (25),63.38554027,0.596917327,4.014140928,11.19831458,6.867462846,1131.166177,0.135064705,Rotten
litchi_rotten (26),64.73434934,1.048021497,3.75702167,10.32247904,10.10215934,1478.029671,0.186499175,Rotten
litchi_rotten (27),66.13170361,1.202738299,3.513216615,11.09236057,10.29103268,1340.266843,0.047385572,Rotten
litchi_rotten (28),68.68801096,1.292703406,3.570371251,9.330691946,13.76203362,1428.760435,0.138726968,Rotten
litchi_rotten (29),66.61901576,1.129117579,3.847353636,11.32566649,9.62494274,1033.600394,0.19502038,Rotten
litchi_rotten (30),64.34048868,0.652658165,3.98297505,9.098289262,7.794424222,1494.426932,0.192455612,Rotten
litchi_rotten (31),68.19427854,1.210173267,3.734314729,10.18439523,7.309663482,871.9829712,0.046985839,Rotten
litchi_rotten (32),69.05582138,1.177341846,3.986841921,8.856028453,13.74251877,837.0810342,0.020066211,Rotten
litchi_rotten (33),61.19759966,0.524426883,3.989044913,9.902106087,6.710108544,1398.921839,0.029656508,Rotten
litchi_rotten (34),65.31932978,0.911747668,3.992755135,9.272700838,9.258685609,1449.085409,0.140407134,Rotten
litchi_rotten (35),62.8451196,0.832950247,3.844765298,9.066813723,6.871731149,863.4097503,0.145151775,Rotten
litchi_rotten (36),60.47061198,1.169412064,4.140420305,11.86794007,12.7330404,879.3991987,0.134847312,Rotten
litchi_rotten (37),66.68546695,0.716135812,3.842437563,8.640296422,9.7437264,823.2219104,0.067215678,Rotten
litchi_rotten (38),68.62770777,1.090871923,3.815185635,11.14930335,8.511436906,873.1552938,0.033955388,Rotten
litchi_rotten (39),61.62902654,1.413205962,3.639566573,11.93665984,8.610996406,946.5938718,0.116152218,Rotten
litchi_rotten (40),68.12413658,1.297802372,3.715358561,8.079605935,13.52214207,1479.053633,0.096736089,Rotten
litchi_rotten (41),68.53395734,1.421457736,3.529634145,10.79610966,10.53773954,1267.502156,0.145766829,Rotten
litchi_rotten (42),69.14340443,1.478505967,3.943474706,9.011647222,12.17867851,1344.987118,0.088272016,Rotten
litchi_rotten (43),62.65285089,0.510670127,3.673975021,8.161951297,13.97038516,1343.297583,0.067727939,Rotten
litchi_rotten (44),69.03953065,1.122741276,3.712908678,9.611558316,14.01741676,1174.551625,0.058695715,Rotten
litchi_rotten (45),63.20662755,0.912839398,4.039570165,11.74087124,8.285090543,1358.242284,0.042294064,Rotten
litchi_rotten (46),65.52338013,1.35985449,3.729054828,8.047060377,14.52451263,1217.065273,0.053149275,Rotten
litchi_rotten (47),60.50507471,0.751814702,3.669537124,10.35154277,5.24875882,1020.182268,0.018966088,Rotten
litchi_rotten (48),60.43881088,1.481029489,3.618340424,10.00558591,8.76835561,1192.777076,0.069371402,Rotten
litchi_rotten (49),67.20373213,1.11370797,4.042400882,11.49353666,13.95798858,1173.45601,0.007313962,Rotten
litchi_rotten (50),64.44479978,1.293537402,3.590794381,8.336006858,7.746368798,1376.417138,0.037282769,Rotten
litchi_rotten (51),62.56292375,0.585599553,3.817627632,10.72610412,7.730814503,1487.209052,0.149354089,Rotten
litchi_rotten (52),61.90413496,0.683457885,3.854851081,10.72043879,8.026222851,1087.729796,0.065093798,Rotten
litchi_rotten (53),66.69953491,1.258403673,3.981172939,10.67632007,11.12313385,1334.373475,0.133647403,Rotten
litchi_rotten (54),60.00401544,0.521986522,3.943298438,11.76933798,9.383327756,869.8341028,0.143376835,Rotten
litchi_rotten (55),68.05891169,1.316877986,4.067504471,11.29235012,12.26734836,1343.781959,0.116237069,Rotten
litchi_rotten (56),60.79249606,0.513949019,3.531326004,8.167890905,13.94910643,1059.991838,0.191739548,Rotten
litchi_rotten (57),61.91489615,1.157118839,3.707508507,9.884331403,11.74199375,827.573114,0.004287973,Rotten
litchi_rotten (58),63.86236395,0.86509392,3.696093883,9.591812225,7.044667202,1054.272325,0.14773053,Rotten
litchi_rotten (59),64.8485874,1.111494853,3.602211834,9.240588884,14.32681902,1227.449926,0.191757329,Rotten
litchi_rotten (60),63.54995116,1.196031407,3.702424778,9.805346901,7.644928733,883.4751174,0.172454346,Rotten
litchi_rotten (61),63.20712165,0.842475219,3.71683572,9.53677674,6.498942953,1446.824145,0.033578538,Rotten
litchi_rotten (62),69.63916012,0.607962448,3.865319123,9.7293356,5.899672789,854.3706893,0.065364061,Rotten
litchi_rotten (63),66.41579681,0.569645868,3.964593135,11.91704746,10.63383741,1451.004704,0.034490368,Rotten
litchi_rotten (64),60.23432955,1.088936023,3.76677036,8.354531899,6.137624625,1294.996263,0.120261673,Rotten
litchi_rotten (65),64.30175908,1.020655354,4.003629162,11.68892348,6.387758841,1030.798523,0.142437596,Rotten
litchi_rotten (66),68.750087,1.242201009,3.735315737,9.920946854,8.000304806,1073.525243,0.063414754,Rotten
litchi_rotten (67),63.01456186,1.00973551,3.703198574,10.49496898,7.816530097,1318.566555,0.107901315,Rotten
litchi_rotten (68),60.94556345,0.92244579,3.878831639,11.32073187,11.0423951,1221.029771,0.138184114,Rotten
litchi_rotten (69),67.58384772,0.898087178,3.516601452,9.441852117,13.16745279,1270.150045,0.084267963,Rotten
litchi_rotten (70),66.06013832,0.526446903,3.555852387,9.721687632,12.61349656,1072.415232,0.170803106,Rotten
litchi_rotten (71),65.70312508,0.835557202,3.792578681,9.638073921,7.624844547,1141.469437,0.154309987,Rotten
litchi_rotten (72),60.5357656,1.476020158,4.160038898,9.49892409,7.45310498,1492.907239,0.012933109,Rotten
litchi_rotten (73),61.4049901,1.373555576,4.005058246,11.70211729,14.6579153,949.7460093,0.12422506,Rotten
litchi_rotten (74),66.22549396,0.829378067,3.561688599,11.31571956,5.082362416,1092.499331,0.04706511,Rotten
litchi_rotten (75),62.07823841,1.087795405,4.092422609,8.435999959,13.79720533,1004.276231,0.111503653,Rotten
litchi_rotten (76),65.0407008,1.347296746,4.012610539,8.43249341,6.997285191,1335.578057,0.191377689,Rotten
litchi_rotten (77),65.44881686,0.941274337,3.927662568,9.711478059,14.47284323,1334.808838,0.175812401,Rotten
litchi_rotten (78),62.8350719,0.517957864,4.074205072,8.394629507,8.423072848,1004.711823,0.080903281,Rotten
litchi_rotten (79),69.48425156,0.574510462,3.782876893,10.47637238,9.403517739,856.9732216,0.058302772,Rotten
litchi_rotten (80),68.42464107,1.010392721,3.655050736,8.574766429,12.07120614,808.0028737,0.046881149,Rotten
litchi_rotten (81),67.22373508,1.469439376,3.858416372,10.08949306,10.87669051,1099.215373,0.106502974,Rotten
litchi_rotten (82),60.77993866,1.193209542,3.884189229,8.028879788,8.179393297,1087.236316,0.022849691,Rotten
litchi_rotten (83),61.06130019,0.570916191,3.87682846,9.266385394,10.53830916,1491.872915,0.109855002,Rotten
litchi_rotten (84),64.92781346,0.689360876,3.895551654,10.70876289,12.30706884,1128.861453,0.000266728,Rotten
litchi_rotten (85),61.60713349,1.271323143,4.164093443,9.936155761,5.423349459,979.4928587,0.064769926,Rotten
litchi_rotten (86),69.78265464,1.34143976,4.131571936,11.91307794,5.111993053,1423.860609,0.043986863,Rotten
litchi_rotten (87),61.58520234,1.117694586,4.113001926,11.49641518,9.580669391,1143.747565,0.194243758,Rotten
litchi_rotten (88),64.87467835,1.14442317,4.060991768,9.436283116,6.318366178,1219.422945,0.145448464,Rotten
litchi_rotten (89),63.64121057,0.52833745,4.160399675,8.181946166,11.64344291,866.9680973,0.069930676,Rotten
litchi_rotten (90),66.39386421,1.32853026,3.568946249,11.3825052,7.140524562,1068.041485,0.018569017,Rotten
litchi_rotten (91),61.29036409,1.288275208,3.685586283,11.64493724,9.328511068,1460.956572,0.103360119,Rotten
litchi_rotten (92),64.30316428,0.759035144,3.846539162,11.28250957,6.976709369,1212.653769,0.042689576,Rotten
litchi_rotten (93),62.74705033,1.20867672,4.092574145,8.511799764,10.48483586,1041.151299,0.107285909,Rotten
litchi_rotten (94),68.87751525,0.714854606,3.853615998,11.99166054,6.160534594,1237.967026,0.167072471,Rotten
litchi_rotten (95),60.40585712,0.540330161,4.023624318,9.034336886,5.231068528,1437.287763,0.12315851,Rotten
litchi_rotten (96),69.13727494,0.701136543,3.597271934,10.89681965,5.511316381,991.7934203,0.126757684,Rotten
litchi_rotten (97),68.32994139,0.678628877,3.676689669,11.63213951,14.54258442,1153.581703,0.108206058,Rotten
litchi_rotten (98),62.97570716,0.837747997,4.012243267,8.942748457,6.422862186,1471.083458,0.185453127,Rotten
litchi_rotten (99),67.89290655,0.918449497,3.615313806,11.63303422,12.08478253,920.6773003,0.186380537,Rotten
litchi_rotten (100),60.3121356,1.008538891,3.745949154,9.237926317,5.679262042,1303.764748,0.10254464,Rotten
litchi_rotten (101),69.6686555,0.976753876,3.68540638,11.90565289,6.081603522,1230.136706,0.061151897,Rotten
litchi_rotten (102),65.26594943,0.770674606,3.744903186,9.125040082,10.08876251,1275.772592,0.091917401,Rotten
litchi_rotten (103),63.03281026,0.529170669,3.995826834,11.8137433,9.648709302,1045.853741,0.037311582,Rotten
litchi_rotten (104),63.62583213,1.105101622,3.757493027,8.214178604,14.51580309,1019.715561,0.127268863,Rotten
litchi_rotten (105),60.66405353,0.89574483,3.888684326,10.83708805,14.44835453,1278.946769,0.100018467,Rotten
litchi_rotten (106),69.89349514,0.798672157,3.569952314,10.12844454,12.79608643,950.8802996,0.020660096,Rotten
litchi_rotten (107),60.39291945,1.366941043,4.063512385,9.911508308,11.0210183,1093.758321,0.039529556,Rotten
litchi_rotten (108),66.54907123,1.246743308,3.758922038,8.893977257,9.549603174,931.7222522,0.095926391,Rotten
litchi_rotten (109),64.42735928,1.357765548,3.953973911,10.82238316,8.561785343,805.8133888,0.177517798,Rotten
litchi_rotten (110),69.48916218,0.994982795,4.007772721,8.763237966,14.47087547,1479.040152,0.113278144,Rotten
litchi_rotten (111),62.4599974,0.630931252,3.646762645,10.21136718,11.02908811,1102.192085,0.136307,Rotten
litchi_rotten (112),65.32086824,1.196221436,4.119272489,9.012981452,10.79072528,1478.54473,0.06780571,Rotten
litchi_rotten (113),64.82356209,0.70607378,3.931356976,11.82248552,7.319011218,898.2264638,0.114282279,Rotten
litchi_rotten (114),67.02866444,0.941229669,3.800107599,8.114524775,5.466978179,1211.156746,0.089475965,Rotten
litchi_rotten (115),60.68010232,0.565000789,3.627634629,8.79891312,14.4518858,940.681823,0.131825983,Rotten
litchi_rotten (116),61.9378913,1.325308402,4.159610657,8.969242426,8.137352588,1353.051889,0.010115113,Rotten
litchi_rotten (117),62.1456482,0.625940641,4.028547743,9.656271303,9.425890233,1348.592092,0.098660043,Rotten
litchi_rotten (118),67.38150755,1.403097507,3.645617194,8.930920967,6.146399436,878.8250043,0.059198525,Rotten
litchi_rotten (119),61.89138696,1.364230602,3.736397542,9.965396361,13.3692433,1438.445117,0.065237012,Rotten
litchi_rotten (120),65.73491764,0.964582764,4.066771981,11.48986209,5.276318329,936.240753,0.192183486,Rotten
litchi_rotten (121),62.15243821,1.244368204,3.986974364,10.84825369,13.33990762,1229.084139,0.036538963,Rotten
litchi_rotten (122),68.6162495,1.119445074,4.036049005,10.31984792,6.402850128,1489.943534,0.062249051,Rotten
litchi_rotten (123),69.42185454,1.303075642,3.808840772,8.356012712,13.86564113,1417.677574,0.101978515,Rotten
litchi_rotten (124),65.18492975,0.931805101,4.001533384,10.77596843,12.29772637,1469.59475,0.17260539,Rotten
litchi_rotten (125),63.52308884,1.285808484,3.770545606,8.665657137,6.646702625,1039.81914,0.083334017,Rotten
litchi_rotten (126),62.34057775,0.962456817,3.647884042,11.14546954,10.65817993,873.9029496,0.148773056,Rotten
litchi_rotten (127),60.49781002,1.440965788,3.942873924,9.000227034,8.126563144,931.8428113,0.17127482,Rotten
litchi_rotten (128),62.68500076,0.986372101,4.183209748,9.668194913,6.782330989,1150.346427,0.062003271,Rotten
litchi_rotten (129),66.5423578,0.962619272,3.71742068,9.401880809,13.59182199,1355.260775,0.078550037,Rotten
litchi_rotten (130),65.33616931,1.285071862,3.822678715,11.43525566,9.035227665,905.1075509,0.071311245,Rotten
litchi_rotten (131),69.44041278,1.321577692,3.97180096,8.506177835,8.985437144,1261.812073,0.166571162,Rotten
litchi_rotten (132),63.96277262,1.054489114,3.879054397,10.26257953,6.698866748,1026.504323,0.008869372,Rotten
litchi_rotten (133),66.93863342,0.679797813,4.090399457,8.568246438,8.830656761,1038.841451,0.061684218,Rotten
litchi_rotten (134),64.89322747,0.967758231,4.033219895,10.81918334,13.71616846,1263.342411,0.135881712,Rotten
litchi_rotten (135),65.12576216,1.468072503,3.540808043,11.62031251,8.631287105,1126.899594,0.1130887,Rotten
litchi_rotten (136),62.67774315,1.252986193,4.198894864,9.738430615,14.51603562,1368.423305,0.087257872,Rotten
litchi_rotten (137),64.54950777,1.311162604,4.026681718,9.952369041,14.46308899,909.1429568,0.107989645,Rotten
litchi_rotten (138),64.70784997,0.532825499,4.104732321,11.70969135,6.448986593,1352.963789,0.039516917,Rotten
litchi_rotten (139),67.06642522,0.967859463,3.955838398,10.08396555,6.773112535,844.9646736,0.086143324,Rotten
litchi_rotten (140),69.40639999,1.146621134,4.09939959,9.950393752,13.6267407,935.8377162,0.100340597,Rotten
litchi_rotten (141),63.29321277,1.330032684,3.578668082,10.31331641,8.927609189,1259.3048,0.180237824,Rotten
litchi_rotten (142),60.42200469,0.549273654,3.743416485,10.75691895,5.043739823,1398.44796,0.052167033,Rotten
litchi_rotten (143),64.96295126,1.352438886,4.113494661,8.4275335,7.738718197,976.8757394,0.1735657,Rotten
litchi_rotten (144),65.44461332,1.048400937,3.641158648,11.28444211,10.97628993,1029.034124,0.12884828,Rotten
litchi_rotten (145),61.68440551,0.697313971,3.554769469,9.74202011,12.99265966,1175.984524,0.004068166,Rotten
litchi_rotten (146),67.60464606,0.817255216,4.051683258,8.28939404,6.333886171,948.1009645,0.144926267,Rotten
litchi_rotten (147),69.84929108,0.781929552,4.084840309,11.14473068,6.105413644,1367.809383,0.007110376,Rotten
litchi_rotten (148),69.45774717,1.030859034,3.613856553,9.507799887,14.22092654,1341.545652,0.199476225,Rotten
litchi_rotten (149),61.97106039,0.55168568,4.098042188,8.40146998,12.51148368,901.7041984,0.174527338,Rotten
litchi_rotten (150),68.7536324,0.658536158,3.980737457,10.53511616,10.89779601,1124.680812,0.05946875,Rotten
litchi_rotten (151),67.04493636,1.312693043,3.864057878,11.52052541,12.6918679,1342.379437,0.051482246,Rotten
litchi_rotten (152),64.53846564,0.632603991,4.081175135,11.55101404,9.288543613,1036.130672,0.076288216,Rotten
litchi_rotten (153),65.40610994,0.733396269,3.793474475,11.8306539,12.58455747,1243.174776,0.071233393,Rotten
litchi_rotten (154),68.49600175,0.953370606,3.635795769,11.47082184,8.718029913,835.149185,0.074467564,Rotten
litchi_rotten (155),64.8013494,1.017120888,3.699396874,8.008563677,7.440945725,1226.082132,0.063655309,Rotten
litchi_rotten (156),63.73207369,1.26361048,3.853614813,9.520964666,12.29013421,906.857086,0.124226681,Rotten
litchi_rotten (157),64.93247493,0.947332427,3.871931555,11.27417032,9.196722922,1381.408328,0.032852733,Rotten
litchi_rotten (158),65.79129804,1.289864621,4.063906579,9.465012024,14.81377104,1048.814625,0.169196258,Rotten
litchi_rotten (159),61.89077654,1.118346307,4.053946907,10.40619403,8.494851823,997.0877039,0.162480497,Rotten
litchi_rotten (160),69.0090773,0.613099739,3.90695659,10.42526779,14.21727421,1388.622284,0.095296642,Rotten
litchi_rotten (161),66.74186949,0.656331438,4.046549838,9.460101216,14.32962549,835.1008162,0.170545993,Rotten
litchi_rotten (162),66.33268917,0.937033725,3.634241421,11.61789571,7.418529471,1077.62616,0.049429014,Rotten
litchi_rotten (163),60.99496226,0.896889393,3.535045169,10.01291338,12.98221182,1059.002478,0.003513091,Rotten
litchi_rotten (164),66.04173938,1.24354427,4.111543676,9.859136824,9.330745051,999.360262,0.123841585,Rotten
litchi_rotten (165),61.20960662,1.08073714,3.552888146,11.99005498,14.17524727,1438.228032,0.091581881,Rotten
litchi_rotten (166),60.78697675,0.888133081,3.672681901,9.974001456,9.501242726,1325.649875,0.113432909,Rotten
litchi_rotten (167),65.27310896,0.670760283,3.986723265,8.713593008,12.44303717,844.7462149,0.179867882,Rotten
litchi_rotten (168),64.02785534,0.726837102,3.786613556,10.05227769,9.669674092,1300.281215,0.193985115,Rotten
litchi_rotten (169),65.8881027,1.075501018,4.113419779,11.25606694,7.278007557,1169.109393,0.126890628,Rotten
litchi_rotten (170),60.89222168,0.923438805,3.708585856,11.10744131,6.993501289,1430.607526,0.152811118,Rotten
litchi_rotten (171),64.30983063,1.014927509,3.508309943,11.15432706,9.254311943,1019.061932,0.016761687,Rotten
litchi_rotten (172),61.74786715,0.670677435,3.710458948,10.83209514,12.55494657,1201.9134,0.032143117,Rotten
litchi_rotten (173),69.87100086,1.162906252,3.904652534,9.016871316,11.05071485,1150.528692,0.146640961,Rotten
litchi_rotten (174),65.61150212,1.352538741,3.763156863,11.44833634,11.8862929,1142.692634,0.086273091,Rotten
litchi_rotten (175),66.87436861,0.757939507,3.874410929,11.57377386,7.823263507,1119.27378,0.089193054,Rotten
litchi_rotten (176),63.25418281,0.991514226,4.113618683,8.776610786,9.81435346,943.9406329,0.061721536,Rotten
litchi_rotten (177),60.94738915,1.475527329,4.138739538,8.521822546,5.44395265,1328.996946,0.121471277,Rotten
litchi_rotten (178),69.75870863,0.833241741,3.686181845,11.90241987,13.17532416,1115.935223,0.037033009,Rotten
litchi_rotten (179),62.86259035,1.095046345,3.823498331,11.47329585,14.89892162,1470.961393,0.125383256,Rotten
litchi_rotten (180),64.23808185,0.5901957,3.884400811,11.57294459,9.068790626,982.565899,0.034759771,Rotten
litchi_rotten (181),66.49863922,1.106015002,4.16437872,11.54550554,5.109636531,1277.920688,0.012765207,Rotten
litchi_rotten (182),60.24697298,0.589631773,4.199032123,10.1667473,6.697926396,1458.501956,0.066071538,Rotten
litchi_rotten (183),68.10259131,1.459235435,3.664785074,10.58560695,11.52526878,1264.420826,0.046228068,Rotten
litchi_rotten (184),65.3657819,1.215662652,4.00888591,10.18145141,11.12079318,1409.891035,0.177798328,Rotten
litchi_rotten (185),62.78217187,1.288159788,3.764621744,8.204825397,12.8786472,1379.236672,0.010990691,Rotten
litchi_rotten (186),60.61607985,1.204104361,3.505675738,10.98201234,7.53884011,1052.082401,0.035322739,Rotten
litchi_rotten (187),61.62498415,1.089729036,3.506476766,10.02132813,12.63631916,1220.086758,0.109743921,Rotten
litchi_rotten (188),68.95033859,0.949912781,3.822396205,10.5908363,11.87984022,909.3829379,0.096213438,Rotten
litchi_rotten (189),66.86024224,1.35837338,3.841834439,10.01055922,8.228144977,1174.868118,0.009170404,Rotten
litchi_rotten (190),62.49901722,1.456835668,3.515798788,9.967245289,10.45488148,961.2953803,0.001450486,Rotten
litchi_rotten (191),60.65600765,0.999036173,3.980849192,8.687156438,6.472738085,1320.61577,0.197613588,Rotten
litchi_rotten (192),66.90615312,1.431535049,3.705802372,9.114854861,9.525645034,1169.640895,0.13176694,Rotten
litchi_rotten (193),65.72407726,1.08333291,3.891925171,8.635410768,13.8119734,1087.859154,0.073081226,Rotten
litchi_rotten (194),64.04519524,1.038384187,3.710643351,8.782665183,9.211913798,988.1579673,0.09408645,Rotten
litchi_rotten (195),63.63611449,0.954482733,3.61699402,11.89190952,13.39566706,1499.088937,0.053310024,Rotten
litchi_rotten (196),62.16814276,0.709287762,3.785021617,8.612453783,10.90253365,850.1973646,0.068974757,Rotten
litchi_rotten (197),66.69611257,0.503719661,3.662591355,9.077081697,6.918767131,830.4924764,0.129808893,Rotten
litchi_rotten (198),69.70668028,0.741506227,3.874360684,10.36235863,10.81106245,952.0801803,0.17656236,Rotten
litchi_rotten (199),61.75715246,1.009723172,3.639179971,10.4407143,10.05983329,1479.750721,0.036826005,Rotten
litchi_rotten (200),65.9711662,0.879959952,3.855884184,8.615896519,8.986413352,1485.466718,0.168072301,Rotten
litchi_rotten (201),64.24185056,0.948485228,3.61016496,11.1748697,6.196304395,1258.449414,0.024311326,Rotten
litchi_rotten (202),64.46688722,1.48064822,3.969682297,11.14081147,9.167086638,1416.074667,0.042998445,Rotten
litchi_rotten (203),62.5414728,0.850272371,4.027756379,8.949270817,5.727623762,949.7732116,0.007435058,Rotten
litchi_rotten (204),68.25134876,0.952182939,3.577275964,9.154665211,5.987690514,1480.429466,0.028162372,Rotten
litchi_rotten (205),64.85255604,0.633515551,3.827461688,11.75195146,9.159165329,899.9493951,0.183460629,Rotten
litchi_rotten (206),65.43405852,0.547957732,3.54961019,11.30268578,8.05381482,870.7876317,0.091887749,Rotten
litchi_rotten (207),63.04760913,1.275409515,3.918727712,10.79118813,14.25544326,878.5480775,0.015533172,Rotten
litchi_rotten (208),61.81808466,1.070683175,3.685083009,8.328932886,8.757058054,1201.189546,0.191945368,Rotten
litchi_rotten (209),60.85910388,1.260704806,3.86933712,9.673056324,12.57858122,1346.682081,0.175798462,Rotten
litchi_rotten (210),67.14119141,0.649862799,3.862222707,10.23720749,10.30247526,1056.667025,0.150936504,Rotten
litchi_rotten (211),61.96234282,1.071828771,4.147048042,8.749645152,12.04085669,1484.527191,0.186694558,Rotten
litchi_rotten (212),66.90075354,0.753642474,3.884358256,9.792906328,7.60115983,1104.094097,0.044025884,Rotten
litchi_rotten (213),63.90376446,0.728061817,3.908098936,10.40410351,14.41904973,905.3139855,0.167273859,Rotten
litchi_rotten (214),64.15774801,0.511526014,3.781157188,9.30950672,10.30088497,1126.176724,0.137998239,Rotten
litchi_rotten (215),64.69177496,0.630340724,4.164355722,11.12377928,13.31324071,1275.326016,0.17395185,Rotten
litchi_rotten (216),63.67708508,0.809268111,4.044030137,11.36179833,8.650456935,1382.558046,0.159382313,Rotten
litchi_rotten (217),61.00619977,0.616878761,3.699783703,9.294437878,6.002113491,1121.137803,0.069299013,Rotten
litchi_rotten (218),63.0963181,1.48585844,4.09094671,11.35462862,11.73711648,1215.524778,0.154879707,Rotten
litchi_rotten (219),66.63734361,0.808632649,3.802677452,8.414306264,5.077596483,987.1412985,0.052491261,Rotten
litchi_rotten (220),66.65784401,0.630323947,4.080067,11.35091639,9.752929766,1252.141568,0.065718433,Rotten
litchi_rotten (221),62.86224307,0.699082313,4.076021648,8.611001727,6.928019027,1490.180361,0.021581143,Rotten
litchi_rotten (222),64.60102627,1.087703228,3.632209131,8.33170861,11.27375504,834.3375008,0.187015323,Rotten
litchi_rotten (223),61.93447228,0.564043524,3.990798792,10.56710162,14.79419873,1420.571469,0.058200673,Rotten
litchi_rotten (224),62.10372082,1.36243413,3.703450079,9.887749463,9.644029063,1193.597752,0.104124493,Rotten
litchi_rotten (225),60.23047088,1.461499679,3.708244869,11.6315624,13.17498257,976.4690617,0.078266567,Rotten
litchi_rotten (226),68.9674655,0.746747421,3.707443654,9.452756784,10.07784187,1468.422797,0.191985624,Rotten
litchi_rotten (227),62.10706665,0.950095269,4.007897773,9.148609054,9.958400311,1138.348012,0.067009834,Rotten
litchi_rotten (228),62.27533877,0.522134451,3.660878229,10.00293962,14.30423493,1032.183176,0.155709164,Rotten
litchi_rotten (229),62.79601433,1.140710225,3.500634085,9.823784743,13.89965869,927.0483398,0.171083231,Rotten
litchi_rotten (230),61.27408072,0.913926058,4.000665797,9.377712185,12.85800465,971.1165472,0.087121299,Rotten
litchi_rotten (231),66.39262883,0.770058466,3.619829321,10.77496519,7.962557533,1382.994329,0.075634363,Rotten
litchi_rotten (232),60.75142953,0.706837111,3.573137677,11.03824734,10.45008416,1230.087007,0.149549164,Rotten
litchi_rotten (233),61.34202426,1.154023078,3.666261284,11.41193588,7.238972333,1439.271934,0.182579196,Rotten
litchi_rotten (234),66.44756727,0.916217031,3.765930366,11.89142642,9.43916698,962.3779165,0.150986347,Rotten
litchi_rotten (235),63.3966062,0.679659289,3.833134429,9.066624769,9.842130658,884.7970017,0.045425273,Rotten
litchi_rotten (236),67.07947827,1.189109081,3.531199028,10.86437393,13.3164004,804.2612717,0.177661549,Rotten
litchi_rotten (237),65.57424745,1.065072283,4.179401333,9.577032942,13.96028365,1155.503426,0.077516333,Rotten
litchi_rotten (238),62.56021173,1.358672055,4.001244137,10.70832789,9.146200624,1498.814851,0.115245882,Rotten
litchi_rotten (239),66.5082795,0.617475899,3.726235846,9.903926761,5.177044451,1286.475688,0.166287124,Rotten
litchi_rotten (240),61.1627368,1.285666602,3.72308808,11.97509241,13.6177384,1015.876214,0.037678953,Rotten
litchi_rotten (241),65.36410383,1.173516787,3.813979785,10.91560854,6.742786785,1413.801008,0.156902027,Rotten
litchi_rotten (242),64.37148105,0.615010937,3.938371376,11.8099652,11.21881964,1347.205586,0.11923256,Rotten
litchi_rotten (243),62.67873583,1.19482073,3.602461147,11.3398782,5.249709004,810.7906163,0.178668328,Rotten
litchi_rotten (244),66.04004998,0.941547289,3.63225087,11.61160404,8.995064753,1371.802336,0.03439408,Rotten
litchi_rotten (245),68.71333592,1.444984786,4.101604208,11.25767679,14.85960302,1010.36873,0.084136447,Rotten
litchi_rotten (246),69.989047,0.641611351,3.679378447,9.836636522,6.006936011,904.7714252,0.166568619,Rotten
litchi_rotten (247),66.07762769,1.142833391,3.766136499,9.007153813,9.23693152,958.4315878,0.003846341,Rotten
litchi_rotten (248),64.04705874,0.881980045,4.109890296,9.481280702,8.071499502,1128.005863,0.022440273,Rotten
litchi_rotten (249),62.252071,1.456814671,3.964203481,8.080944931,14.05088123,1097.407549,0.198113043,Rotten
litchi_rotten (250),62.57096089,0.829974895,3.739198316,10.09597267,13.69340108,1002.22111,0.056078836,Rotten
litchi_rotten (251),64.79454978,1.462185909,3.978589682,10.0202312,7.376987603,920.5528255,0.195108639,Rotten
litchi_rotten (252),63.67277701,1.401485851,3.513778251,10.10100186,5.811877871,1333.561553,0.03650631,Rotten
litchi_rotten (253),69.13814523,0.770383235,4.014949862,11.8961249,11.27138394,1493.076849,0.072218889,Rotten
litchi_rotten (254),63.68295468,1.303541777,3.840911228,11.64581601,8.363687119,1344.454106,0.150573889,Rotten
litchi_rotten (255),63.73444591,1.495604202,4.069227503,8.646851113,11.72084391,1007.155877,0.131555681,Rotten
litchi_rotten (256),63.83534512,0.752663002,4.168246356,9.475530086,5.321197561,971.366273,0.11622448,Rotten
litchi_rotten (257),68.3662021,0.936777169,4.148051985,9.695824718,6.333992352,952.3661132,0.105979835,Rotten
litchi_rotten (258),66.50788321,1.020180737,4.13648553,9.442131671,11.86372233,895.6865521,0.168688089,Rotten
litchi_rotten (259),66.1416885,0.794931136,3.858518969,11.19398385,7.123706553,1185.931385,0.046989713,Rotten
litchi_rotten (260),63.34143022,0.51526484,3.75209948,10.09615068,13.57587676,1223.78026,0.088494185,Rotten
litchi_rotten (261),68.17904177,0.720129244,3.825524727,10.28839927,5.585908877,1293.851862,0.031090458,Rotten
litchi_rotten (262),60.38363861,0.781936884,3.982927202,11.41205424,7.154819828,1276.14936,0.119188319,Rotten
litchi_rotten (263),68.70797172,0.943599701,4.118798444,11.22371261,14.98560248,1004.633318,0.050108885,Rotten
litchi_rotten (264),65.127499,0.671102478,3.644890412,8.528846091,9.330761026,1031.217704,0.066768413,Rotten
litchi_rotten (265),63.98250235,1.373254357,4.142735211,10.85565834,12.02965664,1277.060175,0.094250143,Rotten
litchi_rotten (266),64.97167281,1.204911133,4.070626162,9.741744516,6.826630489,1044.613349,0.005354117,Rotten
litchi_rotten (267),66.67415531,0.585200478,4.185199211,9.178595612,11.09868735,948.8362327,0.018387587,Rotten
litchi_rotten (268),60.12765427,1.150092451,4.116176241,8.200075284,12.26106068,1062.035308,0.137185844,Rotten
litchi_rotten (269),68.71551856,1.153656476,3.695956131,9.948998241,8.144766359,990.4589103,0.085793996,Rotten
litchi_rotten (270),64.46739525,1.456221174,3.574169138,9.421746723,13.28897112,861.8189049,0.172958044,Rotten
litchi_rotten (271),63.4296652,0.503020871,3.57856875,9.006052159,11.03417578,1381.097232,0.138934401,Rotten
litchi_rotten (272),61.38245566,0.74793245,3.703856323,10.77868692,8.891230096,1397.177972,0.001620188,Rotten
litchi_rotten (273),64.39465374,1.427791479,3.929928607,11.07794155,10.57642393,953.8252101,0.123342466,Rotten
litchi_rotten (274),64.96322771,1.432133915,4.063024228,8.979158076,10.76760847,845.3405397,0.018744973,Rotten
litchi_rotten (275),64.03646694,1.220586419,4.129475215,8.197789747,6.655352927,1317.179206,0.156186636,Rotten
litchi_rotten (276),66.78660094,1.265763321,3.936627369,11.3950108,9.027323699,948.0700381,0.198301538,Rotten
litchi_rotten (277),64.20896529,0.591482958,3.503941919,8.039838965,8.43430588,1075.404843,0.106239759,Rotten
litchi_rotten (278),69.61417578,1.013875835,3.630421744,11.74844998,9.009027226,844.8946766,0.1365559,Rotten
litchi_rotten (279),65.99277518,0.731582991,3.569808343,10.5104795,12.61110588,958.3887093,0.047462832,Rotten
litchi_rotten (280),68.07477936,0.681218044,3.754327133,9.287386541,9.825384075,1355.031595,0.087519549,Rotten
litchi_rotten (281),61.09355903,1.310303299,3.850945696,8.985911638,14.40316153,1363.077513,0.171219066,Rotten
litchi_rotten (282),63.97291293,0.635038137,3.530378025,8.036022657,7.936764134,944.9593774,0.03348459,Rotten
litchi_rotten (283),63.36847701,0.968651637,3.743934583,8.941885668,9.157035783,1035.139692,0.053107121,Rotten
litchi_rotten (284),65.69482388,1.43857824,3.625425772,8.550913206,12.8695681,893.9668934,0.089086735,Rotten
litchi_rotten (285),68.6111352,0.685832056,3.952949116,10.44866488,10.46024593,851.9208412,0.142449778,Rotten
litchi_rotten (286),60.78338218,1.477993424,3.824990659,8.666182354,10.47028146,1494.5202,0.075176791,Rotten
litchi_rotten (287),60.72574798,1.494287986,3.846722353,10.11451935,5.53340163,1258.915766,0.185546456,Rotten
litchi_rotten (288),68.50317708,1.055617155,3.799384252,10.36046569,8.985996627,1179.467556,0.01889141,Rotten
litchi_rotten (289),62.12850086,0.67014274,4.169213797,9.192166793,7.707337324,1335.84895,0.07416084,Rotten
litchi_rotten (290),66.68753254,0.816104888,3.650314588,8.140259796,14.99335123,1388.054012,0.141790825,Rotten
litchi_rotten (291),65.42878132,0.924492833,3.861664982,8.149015522,8.083550706,1364.700338,0.045197353,Rotten
litchi_rotten (292),68.32893595,0.809324224,4.015212158,8.105389329,13.84496535,811.5776145,0.131282627,Rotten
litchi_rotten (293),61.2508891,0.78063558,3.889791089,10.95649867,11.76233735,930.7655287,0.032843392,Rotten
litchi_rotten (294),61.29782966,1.472229709,4.15031462,9.272038819,8.409164092,1258.433711,0.011196057,Rotten
litchi_rotten (295),65.5681836,0.653364827,3.764577849,11.18520074,10.43534378,1063.031543,0.024203143,Rotten
litchi_rotten (296),69.46378653,1.233327909,3.824573064,9.726931295,13.4053588,1487.737856,0.185996957,Rotten
litchi_rotten (297),64.14997758,0.500410289,3.561965621,9.811992403,13.83368298,1265.783355,0.110350177,Rotten
litchi_rotten (298),63.269421,1.096182669,3.926299378,10.05153041,6.60393875,1469.584236,0.159269155,Rotten
litchi_rotten (299),66.06689323,1.415943004,3.701748378,10.85212583,8.395731412,941.0125372,0.0665309,Rotten
litchi_rotten (300),69.30448601,0.787934094,3.612216328,9.094011463,8.352231802,1404.76992,0.11853173,Rotten
litchi_rotten (301),68.36927833,0.685525975,3.881171905,8.486349398,5.420447961,1024.946614,0.098990427,Rotten
litchi_rotten (302),69.95483611,1.151679795,3.872617184,10.22422934,10.9823776,1492.695366,0.189147592,Rotten
litchi_rotten (303),60.22568583,1.212601407,3.553110149,9.307910493,13.54820053,910.3820705,0.149514927,Rotten
litchi_rotten (304),61.12858145,1.188030519,3.988750817,9.769965255,8.815743878,1161.437873,0.146108526,Rotten
litchi_rotten (305),66.09467763,0.81931688,3.936640533,10.58778683,12.40035945,1354.991174,0.009270654,Rotten
litchi_rotten (306),68.20576439,0.752202402,3.632312098,9.976502965,11.27700414,1102.849736,0.109933934,Rotten
litchi_rotten (307),62.85244342,1.4559188,3.828604404,10.48111527,8.756487355,1127.658842,0.093398291,Rotten
litchi_rotten (308),62.39211088,1.423299508,4.004226042,10.17680001,6.410597995,1490.449057,0.185568453,Rotten
litchi_rotten (309),67.86975799,0.95731661,3.870605018,10.95918549,12.09323853,1097.715705,0.051468398,Rotten
litchi_rotten (310),60.56381854,1.346193866,3.776842353,10.82374647,13.54565169,1222.85047,0.053966691,Rotten
litchi_rotten (311),63.69382648,0.952323478,3.725636921,10.13675957,11.85854492,838.1777625,0.08226925,Rotten
litchi_rotten (312),65.05809223,0.924389018,3.927275707,10.71561208,5.17878484,1389.547056,0.048673943,Rotten
litchi_rotten (313),65.60348674,0.656762948,4.157376089,11.49423841,7.162328944,1253.717634,0.025836784,Rotten
litchi_rotten (314),67.28615157,0.926406056,3.970221388,9.729085151,5.694799849,1082.814072,0.171482969,Rotten
litchi_rotten (315),63.54845723,1.037416939,3.552322133,9.651052291,10.703861,811.318678,0.111655305,Rotten
litchi_rotten (316),66.12684345,0.522504327,3.822479481,11.05698248,12.56477679,1214.168174,0.172272544,Rotten
litchi_rotten (317),65.85375423,0.944113005,4.123576892,10.33021535,6.105791871,808.8604799,0.166226953,Rotten
litchi_rotten (318),65.47616101,1.281356218,3.566123698,8.284027121,13.38337821,800.8425297,0.056408471,Rotten
litchi_rotten (319),66.40483293,1.180046056,4.192212998,11.56844806,10.55508978,1231.268994,0.109547489,Rotten
litchi_rotten (320),62.59449171,1.135156989,4.164348576,8.123132409,11.89969012,932.3119471,0.016643541,Rotten
litchi_rotten (321),60.84648754,1.409555428,3.554792137,10.99358542,14.71401849,934.3212848,0.183050377,Rotten
litchi_rotten (322),61.19271672,0.51803201,4.153389324,11.03517657,5.836809882,1257.290096,0.080852543,Rotten
litchi_rotten (323),62.24582383,1.057047586,3.754192813,11.81244434,14.01224023,837.5880316,0.078735237,Rotten
litchi_rotten (324),65.00197936,1.287348848,4.091296417,8.216537634,6.26102696,1019.383893,0.060551074,Rotten
litchi_rotten (325),68.40442751,1.041335383,3.792868336,10.38742744,8.929588066,904.6023315,0.092132749,Rotten
litchi_rotten (326),67.01293342,0.823895553,3.808598579,9.711362283,13.51438696,1206.123459,0.050351877,Rotten
litchi_rotten (327),67.89040604,0.636250565,3.943970164,9.322531819,14.06254237,1263.235608,0.074970455,Rotten
litchi_rotten (328),63.50975624,1.387563072,4.042134193,8.361274241,10.06371674,1304.795098,0.15998941,Rotten
litchi_rotten (329),64.04653742,0.970762392,3.523652406,10.25061648,10.94104638,978.6618518,0.166851101,Rotten
litchi_rotten (330),63.93681886,1.378115197,3.915209197,9.916162903,12.08147335,862.4748261,0.060836496,Rotten
litchi_rotten (331),61.91873184,1.085852122,3.630713096,8.418217833,13.32758668,855.0785599,0.093802886,Rotten
litchi_rotten (332),60.61216658,1.174192117,3.742164663,10.44995803,6.215111695,1098.306084,0.174763955,Rotten
litchi_rotten (333),65.90916093,1.304261154,3.743578066,10.95181248,13.10069308,1462.091086,0.010534666,Rotten
litchi_rotten (334),69.89216683,1.159155545,3.828342238,11.0691132,9.812761505,952.410324,0.177828992,Rotten
litchi_rotten (335),61.66829705,0.898054841,3.733895488,11.62149275,9.506234251,979.7191209,0.043836869,Rotten
litchi_rotten (336),60.4668482,1.013633384,3.575152783,9.637882968,9.23899752,870.6221615,0.135707849,Rotten
litchi_rotten (337),67.79531682,1.303045525,3.601940117,11.81229107,10.09211585,1223.899192,0.116510339,Rotten
litchi_rotten (338),62.52586007,0.873650296,3.52340659,11.46171762,14.45050553,1275.911012,0.11058815,Rotten
litchi_rotten (339),68.29643805,0.888121457,3.82917436,9.186006284,10.48203773,1250.051846,0.171872045,Rotten
litchi_rotten (340),67.03936667,0.595690116,4.168113386,8.637132149,14.53177538,1402.79117,0.020314429,Rotten
litchi_rotten (341),69.45673537,1.414584435,3.580972657,9.741557585,6.802901306,1140.498085,0.069405605,Rotten
litchi_rotten (342),64.08927236,0.591036315,4.162385145,9.607594832,12.24135979,894.1199285,0.107650549,Rotten
litchi_rotten (343),66.61969839,1.148209177,4.01335306,10.30287722,13.12239539,1002.583591,0.162257771,Rotten
litchi_rotten (344),64.64854781,0.913194479,3.946249162,10.33354493,11.79128831,1263.700981,0.043288617,Rotten
litchi_rotten (345),66.30588697,0.90561939,3.951694429,10.99994794,11.0692228,1229.185382,0.160585968,Rotten
litchi_rotten (346),64.49598906,1.179551837,4.078709354,10.03955979,10.64812781,1171.702191,0.079927696,Rotten
litchi_rotten (347),61.88632246,0.567093733,3.574843905,8.419290564,13.60930483,1278.075093,0.037782771,Rotten
litchi_rotten (348),65.07897416,1.093705783,3.853328026,11.43316534,13.21646597,1246.173595,0.151797288,Rotten
litchi_rotten (349),65.28584201,1.272031786,3.987963797,9.239058333,6.222887212,1416.927423,0.01817978,Rotten
litchi_rotten (350),68.10603848,1.328212758,3.910774312,11.88518984,13.48587657,1210.211464,0.102953475,Rotten
litchi_rotten (351),67.35520706,0.670530389,4.08294535,8.471440435,9.140686194,1345.020951,0.012775157,Rotten
litchi_rotten (352),66.63791624,1.39741905,3.550590196,11.83300469,7.5369683,974.0950092,0.071283571,Rotten
litchi_rotten (353),61.13387096,1.156146092,3.983490728,8.364047228,13.69768568,1274.727809,0.12021536,Rotten
litchi_rotten (354),67.20616291,1.381854801,3.873819411,8.924144552,9.320247996,1431.535883,0.111223108,Rotten
litchi_rotten (355),65.00305156,0.985280717,3.765412605,8.186319768,13.0836469,1070.01263,0.080931084,Rotten
litchi_rotten (356),68.94099536,1.042033345,3.738192488,10.82045259,7.63403612,1345.372931,0.085809599,Rotten
litchi_rotten (357),69.19870934,1.419038277,3.934582843,11.40119495,5.039293214,1307.352511,0.045353911,Rotten
litchi_rotten (358),60.55156591,1.399909543,4.123696762,9.736284327,9.954591929,841.6683378,0.091176518,Rotten
litchi_rotten (359),68.2064156,0.948160873,3.847323148,11.7140883,6.002282566,1207.055817,0.190650971,Rotten
litchi_rotten (360),60.3769739,0.774412632,4.077306215,10.36119629,12.54375956,891.1325444,0.170090584,Rotten
litchi_rotten (361),63.67169626,0.893170435,3.781509467,10.52002854,7.760751361,1477.123421,0.029046574,Rotten
litchi_rotten (362),65.42299976,0.887764329,3.571676124,11.38167681,9.436456466,1367.985252,0.005956157,Rotten
litchi_rotten (363),61.48100799,0.786866875,3.543054016,9.18720082,5.870335651,876.8066609,0.186704863,Rotten
litchi_rotten (364),67.46313813,0.768579604,3.53593406,9.417062885,7.866592484,885.2263984,0.10534995,Rotten
litchi_rotten (365),60.08354704,1.361062936,3.766105099,11.62380768,12.81490243,1216.131698,0.107567565,Rotten
litchi_rotten (366),61.68599048,0.569861921,3.736066426,11.60385398,6.515879119,1041.422422,0.156143599,Rotten
litchi_rotten (367),65.8079683,1.177611182,4.002555917,11.9059311,11.47159561,824.4341014,0.062937795,Rotten
litchi_rotten (368),67.14387562,0.672820051,4.019975051,11.60735327,14.17425853,1179.149055,0.096381514,Rotten
litchi_rotten (369),69.16643103,0.844505893,3.535597778,8.509488144,11.7983676,1071.49157,0.193732583,Rotten
litchi_rotten (370),67.05496652,0.561543034,3.654786284,11.29489714,13.11021689,870.7535447,0.134429737,Rotten
litchi_rotten (371),66.7177927,0.769973637,3.691983295,9.639353912,6.089716293,1361.344275,0.030749006,Rotten
litchi_rotten (372),63.94341146,1.268421071,3.883328389,11.96320542,7.50731826,1440.553736,0.02664535,Rotten
litchi_rotten (373),60.01284426,1.385015325,3.601160657,9.889123857,13.94538852,1329.615754,0.040852952,Rotten
litchi_rotten (374),61.20159259,0.721527152,3.593758854,10.21534433,12.15105614,1375.695617,0.153342335,Rotten
litchi_rotten (375),65.34554545,0.963547839,4.160652222,10.11909966,11.39553826,951.5433971,0.059075401,Rotten
litchi_rotten (376),66.75129886,0.970324048,4.062942035,9.286948119,11.63766736,984.5010656,0.004277769,Rotten
litchi_rotten (377),64.17448284,1.373575306,3.626458431,8.300088356,9.142005543,945.9692782,0.188834873,Rotten
litchi_rotten (378),67.30679012,1.262799053,3.784597466,11.58260492,5.445566316,1335.544402,0.033942683,Rotten
litchi_rotten (379),65.21862295,1.013077218,3.748935399,11.21070325,12.84441542,1463.541955,0.001911637,Rotten
litchi_rotten (380),60.74176196,1.1707472,4.053702852,8.558107122,11.78713236,1301.786045,0.04742632,Rotten
litchi_rotten (381),61.92016251,1.347355054,3.857149042,11.10707309,9.728044641,1417.026735,0.047005757,Rotten
litchi_rotten (382),68.39998223,0.509538954,3.589494816,10.50338666,13.99759615,1247.089366,0.08440105,Rotten
litchi_rotten (383),67.24912747,0.902890031,4.017294444,9.636575152,8.36159665,1071.36193,0.184077966,Rotten
litchi_rotten (384),68.94761987,1.407243167,3.777821585,9.016084596,7.943217442,1098.03313,0.175836984,Rotten
litchi_rotten (385),61.17557249,1.240313031,3.684046973,11.43891513,13.72796325,852.7250025,0.091378911,Rotten
litchi_rotten (386),69.90222535,1.042841374,3.762849035,10.80075304,12.96987655,822.0200367,0.082179981,Rotten
litchi_rotten (387),62.09406714,1.029644527,3.848429595,10.19095964,10.14979811,1286.832923,0.111001817,Rotten
litchi_rotten (388),60.11779876,0.847770098,3.740180861,10.43827414,6.307347395,1106.900224,0.048690802,Rotten
litchi_rotten (389),69.97422939,1.020520534,3.669334041,8.364264728,7.150714715,1186.550548,0.010436998,Rotten
litchi_rotten (390),62.81073885,1.155383199,3.77895142,9.895679044,11.5622799,1190.362873,0.187844827,Rotten
litchi_rotten (391),66.68019453,0.918363038,3.513421038,8.774801171,8.850412378,994.1630693,0.037339797,Rotten
litchi_rotten (392),61.76682314,1.214153146,4.040748492,8.833534716,13.36473192,1133.124758,0.039680146,Rotten
litchi_rotten (393),65.80228532,1.361232227,3.619661425,10.64521585,14.49955009,1129.532155,0.094492066,Rotten
litchi_rotten (394),69.04034986,0.654684848,3.53073323,11.64502461,13.05636925,1071.899055,0.098322669,Rotten
litchi_rotten (395),63.20181167,0.951547023,3.957589085,9.615026442,8.77545423,1374.472768,0.003686842,Rotten
litchi_rotten (396),66.70253976,0.908020091,4.04175529,8.830997092,12.88686429,1115.814803,0.029590948,Rotten
litchi_rotten (397),61.87903589,1.187464804,4.069680392,10.59498775,8.514416735,1222.551167,0.075630964,Rotten
litchi_rotten (398),66.24795399,0.749867465,3.845456428,11.48474819,6.671000878,1426.864084,0.136746139,Rotten
litchi_rotten (399),63.36450352,1.140250915,3.643757729,10.9932752,5.333932049,1406.363536,0.045683691,Rotten
litchi_rotten (400),62.11208259,1.377489242,4.016059374,11.47502892,8.857167128,1423.295543,0.084602889,Rotten
litchi_rotten (401),63.13182051,0.9181316,3.989799154,10.14621868,14.03559304,989.0034975,0.111469013,Rotten
litchi_rotten (402),61.78841069,1.4110157,3.672389514,11.00750498,7.389865878,824.4877418,0.177718499,Rotten
litchi_rotten (403),69.01916108,1.493163739,4.132385429,8.560258237,7.065131649,982.7467599,0.0652141,Rotten
litchi_rotten (404),63.97186886,0.60609205,3.573060021,9.393098461,14.69820785,995.0951419,0.026711653,Rotten
litchi_rotten (405),62.45279305,0.733053188,4.187881768,9.558196658,5.250041129,1436.552229,0.097854445,Rotten
litchi_rotten (406),64.48407841,1.450379751,4.102173468,10.04518298,12.8578215,1254.469913,0.14934432,Rotten
litchi_rotten (407),63.20536167,1.458327686,3.981529052,11.71630544,8.213699557,857.1927717,0.021971951,Rotten
litchi_rotten (408),67.44419254,0.597707275,4.157124922,11.49718624,5.374879569,894.7650172,0.084936698,Rotten
litchi_rotten (409),69.71219912,0.5149985,4.005617818,8.538101969,14.1780254,908.9732879,0.003557028,Rotten
litchi_rotten (410),64.38033657,0.661100023,3.633319898,8.691158608,6.396423302,1241.295224,0.006711836,Rotten
litchi_rotten (411),68.610334,1.496012783,3.809509297,9.430562198,10.51779284,1314.789818,0.096590673,Rotten
litchi_rotten (412),65.65863074,0.679999617,3.550052117,9.162975464,7.740542074,1401.750737,0.05963946,Rotten
litchi_rotten (413),61.57235665,1.002547607,3.772760196,10.45908381,5.651928022,1458.445586,0.16902146,Rotten
litchi_rotten (414),66.90622742,1.348417726,4.019122114,11.61110419,5.499224857,941.1931902,0.120430861,Rotten
litchi_rotten (415),65.13434497,0.520401611,3.770510346,11.84916617,6.155566988,1016.840739,0.090786592,Rotten
litchi_rotten (416),66.50606523,1.104488982,3.731205923,10.61441181,5.713670139,968.2260165,0.081587074,Rotten
litchi_rotten (417),68.89687413,0.777025449,3.916749006,11.35263681,12.60558116,1051.133097,0.099449096,Rotten
litchi_rotten (418),64.40434571,1.362334916,4.11054317,10.1008088,9.855662023,1440.265575,0.008087766,Rotten
litchi_rotten (419),69.01177623,0.783461149,3.533308235,8.833307787,8.428920913,1202.578797,0.178558671,Rotten
litchi_rotten (420),67.50669014,1.18675572,3.769829304,10.09875365,9.183689101,1316.734328,0.199660631,Rotten
litchi_rotten (421),64.88604926,1.174219632,3.610768519,10.22033041,14.28946736,1143.083465,0.036297425,Rotten
litchi_rotten (422),66.03222136,0.721493549,3.986747976,10.96983026,14.10751813,820.2005393,0.024076593,Rotten
litchi_rotten (423),63.25581133,0.5347992,3.574007192,8.879531959,12.1567648,844.9368402,0.028715493,Rotten
litchi_rotten (424),69.835973,0.909249574,3.965365431,9.473241528,13.84682377,1176.546122,0.132205412,Rotten
litchi_rotten (425),66.67351163,0.789193152,3.70032661,9.456109877,8.196480276,1303.152324,0.132288168,Rotten
litchi_rotten (426),60.43846852,1.30897775,3.63924177,11.83775838,8.81109326,950.7313693,0.169584832,Rotten
litchi_rotten (427),63.26621906,1.300364188,4.15544679,9.775779841,11.13712182,1305.336702,0.150365278,Rotten
litchi_rotten (428),66.23314434,0.957023952,3.512967204,11.02037587,11.23625947,1367.466041,0.089937935,Rotten
litchi_rotten (429),60.56333278,1.106512225,3.80644409,11.00324553,9.81699838,1088.328235,0.122571072,Rotten
litchi_rotten (430),60.23884191,1.104259516,3.515138895,9.062176739,9.006578484,1322.493463,0.137656934,Rotten
litchi_rotten (431),64.5002424,1.327158148,3.838515134,10.28747876,14.86180312,1082.820965,0.102547294,Rotten
litchi_rotten (432),63.3269018,0.925002414,3.850733164,11.57721157,13.21123626,1274.845441,0.095130197,Rotten
litchi_rotten (433),64.38298608,0.77544668,3.72516373,9.900790878,9.349801979,1334.797935,0.129019489,Rotten
litchi_rotten (434),62.6269331,0.765034918,3.592513244,11.78047003,12.27292477,1494.348633,0.11149491,Rotten
litchi_rotten (435),61.64717747,1.036192279,3.763471276,8.857832917,7.695616933,1041.777663,0.128788461,Rotten
litchi_rotten (436),66.89143357,0.949148203,3.970584058,8.296636423,6.001693262,1087.728546,0.122570955,Rotten
litchi_rotten (437),65.14571116,0.940120771,4.047677066,11.56581549,8.524310256,915.9340416,0.143839312,Rotten
litchi_rotten (438),62.00154211,0.591137339,3.871525422,11.39072479,9.029728001,942.8511409,0.128560702,Rotten
litchi_rotten (439),63.19589426,1.218603741,3.912884076,11.9703595,5.165371246,1285.376502,0.103948497,Rotten
litchi_rotten (440),65.91807908,0.713736688,3.64043146,10.71757395,13.14792002,1441.931913,0.136359362,Rotten
litchi_rotten (441),60.72229348,0.69695363,3.701131233,11.74675171,8.591934024,1076.223466,0.089896393,Rotten
litchi_rotten (442),61.47453009,0.91275832,3.613326927,11.3077961,10.80418166,925.8911128,0.048334245,Rotten
litchi_rotten (443),60.73245604,0.727778342,3.674506745,11.37770533,5.739631873,999.5696496,0.000283644,Rotten
litchi_rotten (444),68.12317333,1.083858267,3.657420746,10.27656628,6.749968288,1118.536193,0.111992829,Rotten
litchi_rotten (445),67.52409233,0.871463339,3.86361415,9.529458392,13.89693725,1003.455231,0.118131045,Rotten
litchi_rotten (446),67.53312932,0.948911723,3.893882129,11.73823229,11.08687528,963.5053582,0.194409793,Rotten
litchi_rotten (447),67.16325343,1.037169322,4.161463195,9.728468702,14.5028405,1315.189142,0.072295667,Rotten
litchi_rotten (448),66.69385424,0.703535522,3.636899453,10.15527747,14.98750034,805.4914449,0.078826649,Rotten
litchi_rotten (449),64.76991915,0.655751623,3.949172997,9.784457229,8.718601153,1177.461369,0.040359916,Rotten
litchi_rotten (450),66.42278164,1.380421903,4.072081488,10.25927326,7.988030641,1355.636765,0.014106859,Rotten
litchi_rotten (451),60.38361555,0.933723703,3.892169025,9.882020316,13.58356055,986.3598004,0.154560899,Rotten
litchi_rotten (452),66.21464423,0.91209361,3.678502557,8.191870234,14.98611427,1222.304057,0.049936213,Rotten
litchi_rotten (453),67.77877706,0.53561215,3.683785161,11.52819274,11.29641234,1268.230074,0.121780972,Rotten
litchi_rotten (454),65.0035836,0.997976303,3.527477137,9.777575276,12.95140723,1258.517287,0.137554607,Rotten
litchi_rotten (455),63.57513328,1.054169722,3.713810959,10.35577459,12.81745859,1112.094744,0.094247337,Rotten
litchi_rotten (456),62.77426735,1.058840871,4.021222575,8.556751211,8.553397082,1042.604592,0.175270423,Rotten
litchi_rotten (457),66.4280205,1.207031169,3.53326243,8.013551392,10.7427038,1385.146851,0.088758968,Rotten
litchi_rotten (458),66.92801199,0.677481835,3.653506698,8.981160375,13.33056941,1330.91217,0.056981725,Rotten
litchi_rotten (459),68.709676,0.752223134,3.994362749,10.81834413,11.88113876,1024.878621,0.179203105,Rotten
litchi_rotten (460),63.42334082,1.310730465,4.047856094,8.39677812,5.21163814,872.1134361,0.172312857,Rotten
litchi_rotten (461),67.69772307,1.447170617,3.818722887,11.63554976,8.367056689,850.2652818,0.032807989,Rotten
litchi_rotten (462),65.61355824,0.635932747,3.988652037,8.860090277,6.444756966,865.9931845,0.005192204,Rotten
litchi_rotten (463),68.82836491,0.997649555,3.771566518,8.818374457,7.329722121,1208.008553,0.017997111,Rotten
litchi_rotten (464),65.27812108,0.714176253,3.611939272,8.726031846,14.05489477,836.1635231,0.05730948,Rotten
litchi_rotten (465),65.17629828,0.560073168,3.778704645,8.055926852,5.368932889,1035.848812,0.19445196,Rotten
litchi_rotten (466),65.77877081,0.825503338,3.905977474,11.08722187,7.19800712,1327.239791,0.111703231,Rotten
litchi_rotten (467),67.49315355,0.643687625,4.163637297,11.50013812,8.095693522,1006.043717,0.074652346,Rotten
litchi_rotten (468),69.64690479,1.209933073,3.548125666,10.45665081,11.16884072,1334.315654,0.177743219,Rotten
litchi_rotten (469),60.73563354,1.033725414,3.855175866,8.752799927,10.3410169,1321.826927,0.090627266,Rotten
litchi_rotten (470),60.53434602,0.643834471,3.730243845,9.141111988,7.182694829,972.0789928,0.063047726,Rotten
litchi_rotten (471),69.37550337,0.509241588,3.855818186,9.903706789,6.642410672,1310.175526,0.188243906,Rotten
litchi_rotten (472),65.29875626,1.308157049,3.516782813,11.81738381,7.367980346,1323.443647,0.169903533,Rotten
litchi_rotten (473),66.14903015,0.676194406,3.719117748,8.989405487,10.02529627,1078.217748,0.168733675,Rotten
litchi_rotten (474),64.82423602,1.106216642,4.073907703,10.92658362,7.711777857,947.2943386,0.102456949,Rotten
litchi_rotten (475),60.93657453,0.836921913,3.887759214,9.757792893,14.47602502,1164.889565,0.15788768,Rotten
litchi_rotten (476),67.68089378,1.085485938,3.815407745,9.191389393,9.638652214,1444.978312,0.035870672,Rotten
litchi_rotten (477),67.47224645,0.815653627,3.69986755,9.823663748,5.587960165,1247.731713,0.114644592,Rotten
litchi_rotten (478),63.11703321,0.586939561,3.708629766,8.28482687,12.29266406,921.0457483,0.196769185,Rotten
litchi_rotten (479),63.06239245,0.722950009,3.768171004,11.19474948,8.288452882,1277.929847,0.058191686,Rotten
litchi_rotten (480),68.37841381,0.688058566,4.084899497,8.973207712,11.53488932,1099.042119,0.158870466,Rotten
litchi_rotten (481),60.72357258,0.928019352,4.177049245,10.90164849,7.795943705,1214.070158,0.098095681,Rotten
litchi_rotten (482),68.81105148,1.158283783,3.807058767,8.273393486,10.70743742,1313.844825,0.007961137,Rotten
litchi_rotten (483),62.5666169,0.763806075,3.775346987,11.82039422,12.72152505,1160.463146,0.15260388,Rotten
litchi_rotten (484),65.92984748,0.512069935,4.092585543,8.772059942,14.28008742,1369.788782,0.033713829,Rotten
litchi_rotten (485),69.35994179,1.018937364,3.798833724,11.5309683,7.611271444,1305.508906,0.126294713,Rotten
litchi_rotten (486),66.78122502,1.105759489,3.886412721,11.23789284,8.34856951,1230.551338,0.017132839,Rotten
litchi_rotten (487),64.14429812,1.462870494,3.661659165,11.8714397,9.642664203,905.5549711,0.189373479,Rotten
litchi_rotten (488),66.89534209,1.089470803,4.020451775,9.911562644,14.27174838,1385.164378,0.058344777,Rotten
litchi_rotten (489),63.43979636,0.971172559,3.872391823,10.90958918,14.01386857,1455.13391,0.045292938,Rotten
litchi_rotten (490),62.77258416,1.073401626,4.066324185,9.482842628,5.898782801,895.8755867,0.025827281,Rotten
litchi_rotten (491),69.96683278,1.42790063,4.046512911,8.737472952,6.319298258,1141.768791,0.189200439,Rotten
litchi_rotten (492),67.50790231,1.328378146,3.650503338,9.772303732,9.955091773,981.2221194,0.142380748,Rotten
litchi_rotten (493),66.44719977,0.822978733,4.000944885,8.662996062,6.066192728,1328.166315,0.148332178,Rotten
litchi_rotten (494),63.55289643,0.737254364,4.060038086,11.92817849,8.455808733,1305.140745,0.099880912,Rotten
litchi_rotten (495),60.49160829,0.762633612,3.742275069,8.384985965,6.483853782,898.6195844,0.094945557,Rotten
litchi_rotten (496),60.31056876,1.00442104,3.620826379,10.35684689,11.36040355,1413.91909,0.022004249,Rotten
litchi_rotten (497),65.54181255,1.244049451,3.501842509,10.50585542,14.49495432,926.6811448,0.111968219,Rotten
litchi_rotten (498),67.62032721,1.003219207,3.815632557,10.15231817,14.9673377,1358.081318,0.049383299,Rotten
litchi_rotten (499),65.3737919,0.567796396,3.746702912,10.64874354,8.752411325,1119.886252,0.195429067,Rotten
litchi_rotten (500),68.40785072,1.2235807,3.888436884,8.4647231,10.99012637,1029.790605,0.159316188,Rotten
litchi_rotten (501),60.33426533,1.305970129,3.631628765,10.2200741,13.56267654,910.7674839,0.082598412,Rotten
litchi_rotten (502),63.66752076,0.789497865,4.101765883,9.148850285,6.174620728,917.3299793,0.030268252,Rotten
litchi_rotten (503),62.37070391,1.164125739,3.680428651,11.76070425,11.89564411,1263.323388,0.157066338,Rotten
litchi_rotten (504),64.47272968,0.926591901,3.658500724,11.04828661,9.088436617,1185.301272,0.024410753,Rotten
litchi_rotten (505),60.72376393,1.389119356,3.83649984,11.89005793,7.061461603,885.4597952,0.037866751,Rotten
litchi_rotten (506),69.54131642,1.345225558,3.849195717,8.150224279,9.027536187,878.8885023,0.042304104,Rotten
litchi_rotten (507),62.23255401,1.025431998,3.65055966,9.140532701,5.75960287,850.6174023,0.111378128,Rotten
litchi_rotten (508),69.22307775,1.191505546,3.690302509,8.781690347,11.95407149,1320.637143,0.157411331,Rotten
litchi_rotten (509),64.25893155,1.383349701,3.618793667,8.044618349,7.527426687,1298.31746,0.062862976,Rotten
litchi_rotten (510),69.85524133,0.99571701,4.002922125,8.969302921,8.11405645,840.9016936,0.016933963,Rotten
litchi_rotten (511),65.54058383,0.81325074,4.039062322,10.71510393,6.210812982,1192.189053,0.092907693,Rotten
litchi_rotten (512),69.30832864,1.253666138,3.823629948,8.924355689,13.64659114,859.2733087,0.149622048,Rotten
litchi_rotten (513),60.05348989,0.720066255,3.999860916,10.03601378,9.934442793,1432.622039,0.044332769,Rotten
litchi_rotten (514),67.48238806,0.888531148,4.015154774,11.55127246,10.72146878,1434.982193,0.04398491,Rotten
litchi_rotten (515),69.03050653,1.365727237,3.596792869,10.77503168,10.69432683,1288.763093,0.189445405,Rotten
litchi_rotten (516),61.39720567,1.22442234,4.176324617,9.57851628,9.104931145,1448.332245,0.190830745,Rotten
litchi_rotten (517),60.96125852,0.903811005,4.074722363,9.489875756,6.925299154,1368.017121,0.198093146,Rotten
litchi_rotten (518),64.24572607,0.714744502,3.643138423,9.822943256,12.45132748,1379.977003,0.16153192,Rotten
litchi_rotten (519),69.33678906,0.855968391,3.630315525,8.708165764,6.270562654,1198.795495,0.037636834,Rotten
litchi_rotten (520),65.4238656,0.784104149,3.587962802,10.53600307,6.038737903,1014.241439,0.042396304,Rotten
litchi_rotten (521),65.27456464,0.676089288,3.596864994,9.456611276,12.10145038,952.4593806,0.068045048,Rotten
litchi_rotten (522),61.41126118,1.243332914,4.023713259,11.4094614,7.088370205,1029.040015,0.063626506,Rotten
litchi_rotten (523),60.00789511,0.752069887,3.82875798,11.02621064,8.067727514,1239.946801,0.19130555,Rotten
litchi_rotten (524),68.10140091,0.95416747,4.048053921,10.44205266,9.75227467,920.8595751,0.157814797,Rotten
litchi_rotten (525),60.87574563,0.885859447,4.022378426,9.456808891,9.493513167,981.0481656,0.144801758,Rotten
litchi_rotten (526),66.33849819,1.482077379,3.923228899,8.839727327,12.08579125,1127.642604,0.037192645,Rotten
litchi_rotten (527),69.14616455,0.891092244,3.980456625,11.10460746,11.23431793,963.135069,0.181905112,Rotten
litchi_rotten (528),62.08651913,0.579982483,3.512849007,9.945636396,11.44396162,1212.050569,0.165574076,Rotten
litchi_rotten (529),66.65272836,0.589825753,3.718244353,8.899000153,12.14054331,1446.22322,0.032728368,Rotten
litchi_rotten (530),60.78698577,1.090753721,3.946475525,8.78069846,7.926127274,1323.662556,0.174234066,Rotten
litchi_rotten (531),66.03755144,1.099363552,3.506541467,8.661603618,8.223333118,1266.49863,0.054449507,Rotten
litchi_rotten (532),61.63931721,0.91875899,3.523083861,11.10864478,9.379977479,1207.905033,0.016173949,Rotten
litchi_rotten (533),67.35953561,0.931843692,4.096321588,8.915948741,8.07462173,1141.563536,0.131364461,Rotten
litchi_rotten (534),63.01231295,0.553932583,3.978817403,10.10656905,14.84937869,930.5947017,0.130760932,Rotten
litchi_rotten (535),64.63391009,1.01654651,3.685758813,9.806185444,13.14051926,1426.297319,0.018986402,Rotten
litchi_rotten (536),65.99430542,1.004739475,3.981573988,10.3184436,6.646546883,973.9752014,0.063770362,Rotten
litchi_rotten (537),61.71273411,0.649549319,4.054719668,11.5086196,5.055941559,863.9162143,0.198562892,Rotten
litchi_rotten (538),67.41637819,0.603839386,3.714755998,11.47098956,5.427832682,1325.010625,0.135685333,Rotten
litchi_rotten (539),63.02640341,0.623572491,3.525226164,9.804304287,7.44063451,922.930874,0.146015033,Rotten
litchi_rotten (540),66.6237186,0.601028246,4.152945387,8.061465003,6.142912858,1060.3272,0.042583457,Rotten
litchi_rotten (541),61.58283051,1.109708196,3.741625887,9.705775223,10.33338115,819.7994498,0.015756414,Rotten
litchi_rotten (542),66.88117659,0.696482652,3.574537234,10.42477415,13.57995223,895.9475598,0.055380338,Rotten
litchi_rotten (543),61.28188073,0.751430152,3.84429981,10.23105904,12.36750221,921.2425415,0.049779677,Rotten
litchi_rotten (544),64.25356496,0.673572144,4.037927457,10.60534442,7.156090631,838.0870894,0.04690882,Rotten
litchi_rotten (545),62.47206074,1.457835304,3.65515312,8.61630293,8.99299256,1259.65987,0.038550864,Rotten
litchi_rotten (546),67.48375249,1.354617463,3.688643035,10.5861404,10.0789421,1385.905457,0.114951138,Rotten
litchi_rotten (547),62.62035005,0.730494837,3.669900491,8.730606475,13.1020585,1061.320784,0.065620695,Rotten
litchi_rotten (548),68.81717306,0.827566294,4.194171137,11.00209592,13.39121603,1412.203534,0.164069003,Rotten
litchi_rotten (549),68.91820211,0.709892842,3.638182614,9.356350453,14.09718312,949.3426022,0.036789484,Rotten
litchi_rotten (550),61.96441315,0.991875959,3.902864152,10.83958173,10.09245251,1027.773296,0.092925414,Rotten
litchi_rotten (551),66.13845945,0.519610532,4.147685249,8.191462396,11.94274746,905.5158951,0.002731567,Rotten
litchi_rotten (552),60.87717642,1.171368009,3.602827598,9.631440102,6.118003712,1234.391437,0.096336464,Rotten
litchi_rotten (553),63.915371,1.02315815,4.179597939,10.82013809,10.6528896,1093.908714,0.011167644,Rotten
litchi_rotten (554),67.1332173,1.398638928,4.163234064,8.907482065,7.486918095,1229.298343,0.195544702,Rotten
litchi_rotten (555),66.59423247,0.664392684,4.119200391,11.18114818,9.31716885,1333.172434,0.158118426,Rotten
litchi_rotten (556),66.24700669,1.304109246,3.650189565,10.52311893,11.34050508,1181.992111,0.098022295,Rotten
litchi_rotten (557),62.82540864,1.291961014,3.943838539,10.35024709,7.569859379,1239.341248,0.017317472,Rotten
litchi_rotten (558),63.78024949,0.627181189,4.032624031,9.414195417,5.521850578,1454.67522,0.118489088,Rotten
litchi_rotten (559),61.02946145,0.898559224,4.19021955,9.929805882,5.102338564,1009.345017,0.15175275,Rotten
litchi_rotten (560),67.1902282,0.670152641,3.626296675,10.3893972,5.221595355,1051.414757,0.038143451,Rotten
litchi_rotten (561),65.03888797,0.7547205,4.03621813,9.889848456,5.083497375,1302.392353,0.113641668,Rotten
litchi_rotten (562),67.08765632,0.763246175,3.737160819,10.7932533,6.103550566,1227.913862,0.16284218,Rotten
litchi_rotten (563),62.48943525,1.056236394,3.622938526,9.734787732,7.394887146,924.9730332,0.153649556,Rotten
litchi_rotten (564),63.24438229,0.911410932,3.794963859,8.809092727,7.212215142,1063.303117,0.160598404,Rotten
litchi_rotten (565),63.34215337,1.447732804,4.055685139,8.855735131,14.86796594,1127.486609,0.175864685,Rotten
litchi_rotten (566),60.2574241,0.626370142,3.825394863,8.023215075,8.060061052,1093.572887,0.18753642,Rotten
litchi_rotten (567),63.41047873,1.473692135,3.87626617,9.203830862,6.274207834,924.7923658,0.081104231,Rotten
litchi_rotten (568),68.03304574,0.73063864,4.196611587,10.99567056,10.45562544,1447.101064,0.113753821,Rotten
litchi_rotten (569),68.97298496,1.272873936,3.77937651,11.17665084,13.57957455,1333.623133,0.158131905,Rotten
litchi_rotten (570),65.18218316,0.838969926,3.930780528,8.809870168,11.78060377,1136.949082,0.139427963,Rotten
litchi_rotten (571),64.55501695,0.643081395,3.755670941,11.83617599,7.960820891,1276.04272,0.199104046,Rotten
litchi_rotten (572),60.30824619,1.357889185,3.774949952,10.00961117,10.6161616,1428.09787,0.00273553,Rotten
litchi_rotten (573),68.79204338,0.808860899,3.986948527,11.667915,12.14855974,895.3218997,0.071026643,Rotten
litchi_rotten (574),60.13010213,1.158855404,4.156520883,10.82706113,12.28104492,975.2611355,0.056205585,Rotten
litchi_rotten (575),69.4475008,1.066443685,3.879651265,10.88973369,11.66538455,1179.890873,0.05246317,Rotten
litchi_rotten (576),64.89216249,0.971756309,4.03787995,8.340174485,13.70810425,1359.30726,0.044505956,Rotten
litchi_rotten (577),63.41934494,0.995819473,3.562444591,8.879964508,13.70105458,825.3784268,0.141824768,Rotten
litchi_rotten (578),69.24218435,1.232237914,3.647810626,8.035259333,10.78936559,1488.812705,0.016951895,Rotten
litchi_rotten (579),60.24390993,0.587772914,3.851492149,10.86451056,9.298563691,1118.434622,0.148321767,Rotten
litchi_rotten (580),65.81424895,1.168180662,3.514008207,9.377753154,11.41570296,1051.461798,0.138685168,Rotten
litchi_rotten (581),65.48932524,1.395812101,3.676998485,11.14661006,13.18212001,1004.907106,0.050160827,Rotten
litchi_rotten (582),62.19320401,0.557788197,3.862180903,9.35574488,5.056521048,922.0496954,0.050566757,Rotten
litchi_rotten (583),64.28887431,0.640653339,3.510472839,11.27733501,14.91997009,1354.101736,0.125772117,Rotten
litchi_rotten (584),66.52264006,1.216631937,3.6851824,8.522793015,6.828937723,1468.789915,0.152434221,Rotten
litchi_rotten (585),67.27131197,0.937281648,3.859821574,8.693492627,9.702489857,1089.551328,0.175297123,Rotten
litchi_rotten (586),60.00716859,0.903548621,3.901204474,9.363506158,13.72029735,1466.694486,0.170427913,Rotten
litchi_rotten (587),69.3685343,0.636966635,4.148026185,9.633949556,7.25040399,1376.658331,0.192976599,Rotten
litchi_rotten (588),61.64525372,1.006770041,3.951741936,9.394811243,9.767952239,1136.735789,0.116276979,Rotten
litchi_rotten (589),62.33580434,0.626545311,3.790315062,11.05458813,6.325821802,1271.818325,0.181731112,Rotten
litchi_rotten (590),62.63473446,0.976620456,4.151245824,8.387805571,8.950763254,1104.488925,0.161702655,Rotten
litchi_rotten (591),60.37820137,1.263615299,4.049418088,9.404868079,6.771354548,1191.106386,0.178933525,Rotten
litchi_rotten (592),61.23052124,0.758264358,3.640006245,11.34896,8.636277488,840.6324359,0.00232532,Rotten
litchi_rotten (593),69.86349923,0.980786168,3.591589653,8.267188309,8.734642168,1287.384433,0.193180598,Rotten
litchi_rotten (594),63.15216737,1.492015969,3.973068145,11.76937403,14.9317079,836.9772511,0.094706033,Rotten
litchi_rotten (595),61.1530109,1.186650423,3.891918216,11.94526737,14.94813029,1371.959463,0.159636598,Rotten
litchi_rotten (596),61.06991261,1.341356771,4.05277153,8.354272695,6.147862787,1377.462851,0.025440824,Rotten
litchi_rotten (597),67.19459968,0.914847607,4.017163535,9.165090089,12.25968779,965.9541013,0.079188219,Rotten
litchi_rotten (598),68.54568664,1.267860923,3.937648074,9.489602664,5.517454797,1026.563947,0.054292133,Rotten
litchi_rotten (599),62.569523,0.540509173,4.19046752,11.10556547,5.301920153,1136.917265,0.058331754,Rotten
litchi_rotten (600),60.20909512,0.622911183,3.873512811,10.38370725,6.053338942,1217.664035,0.024651124,Rotten
litchi_rotten (601),62.23090018,0.703070593,3.57917403,10.5774628,14.65485657,1001.147563,0.161152767,Rotten
litchi_rotten (602),60.56515691,0.901951925,4.079791495,11.03003929,14.40863548,1214.740483,0.001848463,Rotten
litchi_rotten (603),61.03394937,1.345744878,3.676297354,8.471915998,6.939278203,1008.450951,0.062501091,Rotten
litchi_rotten (604),64.3150812,0.846266051,4.044111504,11.33283783,6.616723356,838.8435047,0.034882109,Rotten
litchi_rotten (605),62.29918371,1.154621194,4.169974967,10.82247922,7.405350865,801.7692849,0.117807788,Rotten
litchi_rotten (606),65.15945879,1.209314295,3.98775686,10.3093669,10.15546994,870.8057405,0.050850481,Rotten
litchi_rotten (607),62.53493753,1.086182354,3.917221113,11.55894134,10.69704632,1354.57549,0.051799691,Rotten
litchi_rotten (608),69.40537301,0.857241968,3.822270323,10.80122542,7.215934304,1473.001919,0.097667629,Rotten
litchi_rotten (609),69.05943968,1.077053342,3.755086906,8.806799851,12.56622788,1098.876339,0.130537808,Rotten
litchi_rotten (610),65.66806105,0.842265593,3.747103326,9.718981524,8.095531694,1158.878767,0.024260941,Rotten
litchi_rotten (611),63.54423992,0.583873739,3.945460894,9.976171468,14.22131326,902.7937184,0.03510229,Rotten
litchi_rotten (612),63.81146882,1.492803978,4.025891182,8.220870507,11.56722706,1185.721947,0.049434949,Rotten
litchi_rotten (613),64.11852283,0.627182454,3.974961949,11.81855005,9.363511943,901.2584314,0.194749643,Rotten
litchi_rotten (614),67.27579322,0.572348384,3.638887071,8.514309043,12.89912002,1227.850032,0.0794305,Rotten
litchi_rotten (615),64.51638996,1.378530749,3.845791026,10.78984507,13.17914626,1453.281067,0.119798018,Rotten
litchi_rotten (616),68.56729947,0.801834661,4.054148051,10.02492414,7.904816056,936.9889775,0.048308563,Rotten
litchi_rotten (617),69.44094786,1.150296974,3.832992855,8.102529,8.397145438,1335.194603,0.098091905,Rotten
litchi_rotten (618),63.35946153,0.82900573,3.875636296,11.6989899,14.35955154,816.451696,0.014823835,Rotten
litchi_rotten (619),65.60694481,0.891454271,4.039795234,11.40734724,6.647410384,1062.848069,0.006948429,Rotten
litchi_rotten (620),60.95056537,0.762112972,3.962885714,10.09703171,5.42150417,877.5239555,0.093746705,Rotten
litchi_rotten (621),62.00469048,0.843044006,3.786541445,8.915769345,9.540553226,1046.732809,0.079731858,Rotten
litchi_rotten (622),64.13465767,0.910700401,4.126788898,8.486491563,13.012099,921.4758437,0.027376064,Rotten
litchi_rotten (623),62.06202716,1.220416069,3.613796948,9.453569918,12.71668106,1061.313493,0.137520286,Rotten
litchi_rotten (624),68.76560491,1.011536194,4.196861514,9.021713124,14.19530629,1092.265964,0.198580698,Rotten
litchi_rotten (625),61.58286256,1.443565217,3.583196805,10.0267648,10.33200664,1010.413786,0.079129364,Rotten
litchi_rotten (626),64.55660822,0.541880394,3.51046498,11.86563718,6.000646716,1259.635365,0.124911727,Rotten
litchi_rotten (627),66.0569924,1.003068323,4.123013231,10.29981397,10.88688974,1443.196436,0.192595188,Rotten
litchi_rotten (628),66.91863908,1.084224789,3.671467456,11.55972422,12.78395614,1080.416762,0.166306994,Rotten
litchi_rotten (629),63.8306937,1.420196986,4.010789739,10.60351535,5.933281203,934.6402095,0.092710445,Rotten
litchi_rotten (630),68.69099069,0.549158524,4.067710762,9.900986106,6.726574011,989.5059307,0.147497897,Rotten
litchi_rotten (631),65.68319151,1.073499585,4.101290474,11.41843025,5.122906612,1397.800576,0.025627008,Rotten
litchi_rotten (632),64.3950778,1.353629929,4.194115965,9.885472441,10.93652579,1200.147806,0.102420771,Rotten
litchi_rotten (633),60.67240634,0.741927728,3.705827797,11.47451268,13.86734392,1118.507723,0.055812055,Rotten
litchi_rotten (634),64.64689468,1.376292349,3.997170339,9.166307078,11.70663316,904.7457051,0.032232738,Rotten
litchi_rotten (635),68.20735841,0.519043409,3.580779901,8.515252295,14.82040088,1114.809116,0.085256181,Rotten
litchi_rotten (636),66.14541018,1.232454629,3.784766504,11.42125786,5.630336525,994.9444024,0.026202911,Rotten
litchi_rotten (637),68.32162454,1.433113221,4.093580185,10.34966066,14.03001085,1460.214189,0.139797022,Rotten
litchi_rotten (638),64.94011671,1.157197662,3.757360632,11.55636959,13.14068287,1418.849077,0.091248009,Rotten
litchi_rotten (639),61.18461705,0.939029244,3.913766766,11.75130883,8.142415205,858.7317793,0.106228927,Rotten
litchi_rotten (640),60.13639846,0.544881016,3.852641411,8.214513561,14.73526552,1161.657442,0.029275188,Rotten
litchi_rotten (641),63.03219547,1.420113813,3.952166072,10.00387721,7.879377482,957.5408419,0.027954332,Rotten
litchi_rotten (642),66.97990471,0.970296223,4.181026073,9.499858196,13.89304724,1087.543963,0.116683087,Rotten
litchi_rotten (643),67.90259904,0.528996744,3.539014869,10.50343359,13.80748577,1413.793599,0.19700195,Rotten
litchi_rotten (644),62.95752835,1.189821071,3.901773062,11.17436479,12.57657617,1169.260164,0.019250117,Rotten
litchi_rotten (645),64.95653921,0.981837254,4.104120145,9.122360864,10.63470474,1033.950705,0.057146286,Rotten
litchi_rotten (646),64.21118904,0.624345317,3.836967898,10.22719354,6.200027496,945.5218479,0.173891823,Rotten
litchi_rotten (647),64.10522784,0.714271809,3.55496903,10.83491432,10.31971734,1360.227402,0.014454402,Rotten
litchi_rotten (648),62.31348713,0.56449068,3.892377547,8.537724331,8.567962557,1237.162611,0.175177144,Rotten
litchi_rotten (649),61.36371105,1.07429354,3.732451724,11.25626762,12.92217033,1127.645822,0.104857197,Rotten
litchi_rotten (650),61.96688558,1.122029479,3.60845925,10.4244384,12.58129206,952.2390477,0.081653355,Rotten
litchi_rotten (651),60.55332387,1.005742298,4.094324159,11.79814975,14.10612507,1033.972462,0.061936113,Rotten
litchi_rotten (652),61.98130742,1.317102133,3.865119659,9.358115677,5.148301624,1471.890399,0.059423432,Rotten
litchi_rotten (653),60.09200898,1.361008821,4.153293489,8.432583769,13.09103217,1164.062956,0.061160516,Rotten
litchi_rotten (654),66.27258401,1.115624397,4.064211553,10.0260048,14.38462053,1080.489497,0.176960616,Rotten
litchi_rotten (655),63.16375407,0.51275648,3.985080256,8.343243087,12.89300449,1164.99543,0.144759046,Rotten
litchi_rotten (656),69.73144711,1.195229656,3.503517852,11.87810609,6.301944599,1345.291954,0.133944602,Rotten
litchi_rotten (657),61.93717051,0.917999217,3.79947642,8.154739833,5.812791048,1038.076256,0.15974983,Rotten
litchi_rotten (658),63.4582857,1.065557483,3.638240397,11.0140156,5.208452398,925.0942847,0.051422933,Rotten
litchi_rotten (659),63.57841159,1.149080602,4.137558538,10.10040959,11.28745226,1209.455283,0.123608562,Rotten
litchi_rotten (660),60.08451496,0.850236614,3.622208789,9.47448261,11.29672652,1265.642872,0.092013248,Rotten
litchi_rotten (661),68.39207953,1.417098505,3.700242036,8.263368658,14.86913714,1298.902602,0.156488327,Rotten
litchi_rotten (662),60.3199446,0.633974867,3.861785737,10.4886677,8.980431741,1417.391314,0.061851222,Rotten
litchi_rotten (663),69.40179835,1.171511807,3.684354533,10.34088132,8.319062849,1059.821884,0.128635723,Rotten
litchi_rotten (664),68.92074351,0.50435958,3.646905274,9.123533092,11.24424927,852.7484274,0.176442482,Rotten
litchi_rotten (665),65.35521916,1.424651105,3.919369528,11.64088681,13.25608673,1470.844009,0.080430095,Rotten
litchi_rotten (666),65.43595575,0.612504133,3.562250666,9.216440029,14.3677395,1104.508349,0.013324417,Rotten
litchi_rotten (667),66.53777923,0.59488423,3.540717431,9.798901642,13.03124166,1236.280257,0.103210164,Rotten
litchi_rotten (668),63.87050012,0.833007633,3.760571707,10.17504982,9.266739806,1266.413726,0.069194498,Rotten
litchi_rotten (669),66.47222283,0.873566286,4.004465118,8.400927513,11.34914235,1182.559596,0.134445076,Rotten
litchi_rotten (670),60.44768389,0.714300072,3.888364731,11.72864688,13.56299327,943.6802708,0.190206585,Rotten
litchi_rotten (671),60.54047627,1.085121661,3.796013528,9.49814461,9.906096883,1328.600135,0.097121664,Rotten
litchi_rotten (672),64.5723042,0.942914098,3.896026095,8.323116855,7.166866437,1362.626382,0.093238046,Rotten
litchi_rotten (673),65.49622301,0.534175589,3.755816039,9.549164695,6.697234397,1187.08291,0.13091696,Rotten
litchi_rotten (674),68.8781764,0.819652062,4.155302435,10.40081019,5.001577446,1141.992812,0.020699501,Rotten
litchi_rotten (675),61.04660634,1.310432914,3.538433424,10.05461069,12.18237995,879.7567282,0.050701238,Rotten
litchi_rotten (676),68.22647927,1.189701535,3.971374035,10.7781679,6.110972088,858.766163,0.183795865,Rotten
litchi_rotten (677),62.10047337,1.224870854,4.123897865,8.221935768,7.438390997,1037.695392,0.133988523,Rotten
litchi_rotten (678),63.94083649,1.198116924,4.062719296,9.138162441,7.978763315,1017.592309,0.002688809,Rotten
litchi_rotten (679),63.16602435,0.810973021,3.628828724,11.27692231,10.6037986,1467.559516,0.040925095,Rotten
litchi_rotten (680),64.00155273,0.599663922,3.707148444,8.319574751,8.979572773,1348.53592,0.136567453,Rotten
litchi_rotten (681),61.50495498,0.772467184,4.001933557,11.42194382,11.74673992,1261.947007,0.152879841,Rotten
litchi_rotten (682),65.03570074,1.3317853,3.558989391,8.367584368,5.556386593,1162.353662,0.167971915,Rotten
litchi_rotten (683),68.0164259,1.480470798,4.06830319,11.33781686,6.239391943,917.1572715,0.058435361,Rotten
litchi_rotten (684),64.4153401,0.993847015,4.003234861,9.443153604,9.992115035,1484.919671,0.186205719,Rotten
litchi_rotten (685),64.90613576,0.509700355,4.010724654,10.44883625,8.369647878,1062.528489,0.110589379,Rotten
litchi_rotten (686),68.48767585,0.640044812,3.570168959,8.611548463,7.958133628,874.8479217,0.139307804,Rotten
litchi_rotten (687),67.06058115,0.822080575,4.002432381,8.264674887,5.67028079,1145.659227,0.119347773,Rotten
litchi_rotten (688),64.90454409,1.078585349,3.975872688,8.863752816,13.95719175,1411.798608,0.024548011,Rotten
litchi_rotten (689),62.57695648,0.575093646,4.081645744,8.511415272,11.91818586,1421.103701,0.192622932,Rotten
litchi_rotten (690),68.84926747,1.443357299,3.529117169,9.249623591,6.216181568,807.6761412,0.024575116,Rotten
litchi_rotten (691),65.77020402,0.865083673,3.516177468,10.05753299,5.650459577,1420.407021,0.050976391,Rotten
litchi_rotten (692),62.2114761,1.412584218,3.76110497,10.35503785,14.74872533,990.0389522,0.162725576,Rotten
litchi_rotten (693),62.69119753,1.280521803,3.604151799,11.15947243,11.8117255,827.2806548,0.123719392,Rotten
litchi_rotten (694),68.03133089,1.255437273,3.890869134,10.62495957,9.174560711,1393.453189,0.167629833,Rotten
litchi_rotten (695),60.44145562,1.10671958,4.142144231,10.4350333,12.01731041,1404.706729,0.103147238,Rotten
litchi_rotten (696),69.92092187,1.126783817,3.774035811,9.64712811,12.56331786,1217.361756,0.075398647,Rotten
litchi_rotten (697),61.3035168,1.138003235,4.091465264,9.89523374,12.79962202,1202.10363,0.1843691,Rotten
litchi_rotten (698),67.96068525,1.128721387,3.500168612,9.658083318,9.778773057,1369.184191,0.007250464,Rotten
litchi_rotten (699),63.94775317,1.053728231,3.61796025,11.36866412,9.298827581,1350.416687,0.171226044,Rotten
litchi_rotten (700),64.92216183,1.486414018,3.521296478,8.92000181,5.110280843,1423.073831,0.046163557,Rotten
litchi_rotten (701),68.80650577,1.232290567,3.729703026,8.022883726,14.26557115,1186.923213,0.169747266,Rotten
litchi_rotten (702),64.1291119,1.276946388,4.135732717,10.60527959,11.03307878,1477.352965,0.027839323,Rotten
litchi_rotten (703),65.37493754,1.372462815,3.567866487,8.809848735,7.031539372,1497.302782,0.116043793,Rotten
litchi_rotten (704),60.49299662,0.715639763,3.924486844,11.56046055,14.19603419,881.581227,0.177621584,Rotten
litchi_rotten (705),60.02347474,0.583804159,3.816047157,11.43618532,14.14931902,1394.680632,0.094707929,Rotten
litchi_rotten (706),62.44799873,0.982894437,4.156927749,8.306909488,14.89184164,1149.87558,0.149313335,Rotten
litchi_rotten (707),66.80583093,1.014080696,3.5857634,8.425553622,13.74056563,1071.296437,0.160934324,Rotten
litchi_rotten (708),61.21264893,1.32918178,3.648419495,9.980686369,14.97784388,1229.150617,0.147298842,Rotten
litchi_rotten (709),61.13761959,0.943783579,3.520679378,10.43689065,7.446861881,839.1758901,0.185065947,Rotten
litchi_rotten (710),64.10960608,1.070853026,3.803754675,9.09963335,13.42249585,1154.522783,0.089366846,Rotten
litchi_rotten (711),66.47837039,1.027070939,3.69448303,10.86719087,13.23028309,1409.623399,0.034625088,Rotten
litchi_rotten (712),67.12071992,0.538202784,4.108934154,10.37966408,7.309403592,949.4230613,0.009562213,Rotten
litchi_rotten (713),61.78450674,1.115214897,3.923458569,9.299296439,5.98437549,1098.472926,0.049291974,Rotten
litchi_rotten (714),60.79588147,1.328043286,3.929863517,8.101485952,14.79420514,1457.636621,0.028639501,Rotten
litchi_rotten (715),69.40397034,0.657500548,3.872337488,11.00060113,7.960245515,1099.994686,0.111589748,Rotten
litchi_rotten (716),62.60666383,1.094331734,3.564295236,8.859014663,13.7089179,1050.857343,0.036989067,Rotten
litchi_rotten (717),68.53346498,1.093610544,3.811513079,11.33789497,5.041271547,1108.375654,0.007786741,Rotten
litchi_rotten (718),68.6349145,0.664184964,4.199653633,9.68116104,5.210248072,1163.616937,0.007197966,Rotten
litchi_rotten (719),67.72522592,0.623463574,4.084660504,10.30830977,9.658713087,1242.393941,0.1663139,Rotten
litchi_rotten (720),61.68833607,1.480051943,4.125421338,11.49179492,7.387146839,1360.484961,0.118289986,Rotten
litchi_rotten (721),68.21801459,0.89371917,4.076258451,11.454492,11.89841283,1116.471544,0.07161706,Rotten
litchi_rotten (722),67.69250559,0.727421729,3.572129185,9.486078301,10.65564326,1372.236655,0.178845609,Rotten
litchi_rotten (723),65.9672299,0.671324544,3.659213778,8.835555571,5.774857975,1173.604463,0.014039322,Rotten
litchi_rotten (724),63.37202035,1.167601714,3.502185156,11.10058431,6.626282963,1036.936357,0.196064415,Rotten
litchi_rotten (725),62.62508604,1.109445297,3.712457087,9.732320814,8.880492701,1260.56558,0.123258358,Rotten
litchi_rotten (726),61.21889212,1.143552123,3.576025182,8.768167974,6.85604064,1302.405578,0.036692851,Rotten
litchi_rotten (727),65.09757067,0.588006028,3.830955342,11.61770137,12.92222347,1190.634283,0.13581382,Rotten
litchi_rotten (728),65.85260876,1.393534583,3.973989242,8.792416777,9.160702356,839.6304812,0.152676252,Rotten
litchi_rotten (729),63.59338991,0.889266397,4.112153707,8.103228673,5.934318668,918.9180126,0.085868557,Rotten
litchi_rotten (730),64.75359068,0.813369406,4.024452016,8.081119895,9.843429023,999.7084046,0.172326521,Rotten
litchi_rotten (731),63.63514457,0.962361447,4.157009917,10.48926143,5.908381811,997.8379242,0.030146481,Rotten
litchi_rotten (732),66.41006057,0.890066066,3.537728803,10.64670024,6.289373054,1271.39456,0.055767517,Rotten
litchi_rotten (733),69.01259208,1.363577003,3.508525885,9.24416682,7.39609832,812.8440632,0.018698472,Rotten
litchi_rotten (734),61.63920262,1.429260975,3.96293668,9.280043957,13.59527705,1328.977244,0.042175568,Rotten
litchi_rotten (735),63.8140881,0.803453216,3.702546687,9.35797566,14.24612532,985.7397324,0.047745762,Rotten
litchi_rotten (736),61.40868604,1.363935807,3.677450711,10.72063419,13.26257729,1017.015292,0.183526638,Rotten
litchi_rotten (737),66.2494377,1.28152313,3.731620961,8.232535164,8.340772174,1169.53688,0.015621938,Rotten
litchi_rotten (738),67.28870509,1.430807672,3.688857241,11.71646541,7.724464411,951.1479207,0.085483024,Rotten
litchi_rotten (739),69.31912733,0.745750312,3.858005484,8.890084177,10.49155691,1419.12992,0.106479737,Rotten
litchi_rotten (740),62.78871926,1.07695915,3.808103913,11.99869282,12.21853161,859.7581455,0.179738611,Rotten
litchi_rotten (741),69.50211206,0.774544585,3.858699986,8.686090775,14.93372788,1111.067654,0.199539244,Rotten
litchi_rotten (742),60.63262672,1.32409449,3.970899528,11.08618583,6.315707119,1394.595589,0.150677623,Rotten
litchi_rotten (743),66.03013863,0.505324191,3.770991356,8.89365018,5.49291999,1231.090726,0.194158198,Rotten
litchi_rotten (744),60.57132719,1.064819163,3.675915381,8.323387207,11.94355889,1004.630661,0.157420227,Rotten
litchi_rotten (745),68.93774188,0.839203431,3.616340376,11.4997333,13.32225784,1094.532145,0.192640528,Rotten
litchi_rotten (746),65.29809057,0.822683707,3.744631884,11.43500504,13.4634878,1294.686066,0.141454145,Rotten
litchi_rotten (747),66.69348351,1.144906324,4.019264533,9.61428157,11.78463549,1481.28252,0.015952685,Rotten
litchi_rotten (748),68.31573926,1.351484449,4.029693437,10.80958457,14.54015804,1425.197103,0.080384037,Rotten
litchi_rotten (749),61.50310622,1.109195391,3.966833771,10.22826373,10.11004764,1039.702966,0.129319457,Rotten
litchi_rotten (750),60.38591562,1.353172979,3.663819723,11.41182445,14.13814798,1498.738516,0.070143702,Rotten
litchi_rotten (751),68.78881146,0.764597112,3.911660372,9.260223877,14.67812137,802.4532645,0.054676784,Rotten
litchi_rotten (752),63.14933227,1.019501855,3.899482763,10.0946896,13.47157457,819.3408291,0.115479853,Rotten
litchi_rotten (753),61.28978908,0.950536539,3.838986339,9.941489485,8.097585633,1376.688361,0.186700375,Rotten
litchi_rotten (754),64.68461237,0.5116449,3.88498529,9.415623305,6.962156512,939.6238808,0.006996375,Rotten
litchi_rotten (755),65.98306076,1.056812143,3.844253443,11.56582026,10.48120065,842.5384879,0.153846241,Rotten
litchi_rotten (756),60.30970603,1.161524324,3.895819456,8.663511699,9.530147504,966.0036513,0.144545456,Rotten
litchi_rotten (757),62.74895658,1.091914404,4.000854168,8.598034558,13.77758342,1098.270108,0.192790685,Rotten
litchi_rotten (758),60.32799874,1.236279899,3.576739736,10.30763814,6.000316711,1311.396389,0.186142244,Rotten
litchi_rotten (759),64.20335389,1.071339528,4.024738027,10.62997692,7.577400613,1237.034869,0.152446512,Rotten
litchi_rotten (760),68.95100029,0.566750255,3.595120305,8.778477017,12.51798945,966.3348523,0.104081753,Rotten
litchi_rotten (761),69.82652411,0.616445524,3.546639599,9.562869769,5.94986645,1152.289314,0.040853511,Rotten
litchi_rotten (762),66.37047554,1.096474578,4.18325578,11.78625537,8.20764414,1448.349874,0.109047144,Rotten
litchi_rotten (763),61.61637694,0.774979192,4.169894238,8.986469691,8.871553941,1370.505444,0.153070399,Rotten
litchi_rotten (764),69.0584939,0.579645129,3.542305581,10.67344281,11.22593797,1026.232849,0.179133843,Rotten
litchi_rotten (765),65.16247823,0.929602743,3.810277409,10.96059757,6.581326457,1487.585193,0.157942402,Rotten
litchi_rotten (766),61.53749312,1.054322598,3.630371457,9.792514798,13.6060449,1296.03428,0.039053387,Rotten
litchi_rotten (767),69.21726669,0.828745988,3.839741428,11.75010395,9.475422355,843.714549,0.119937263,Rotten
litchi_rotten (768),67.57469051,1.220433702,4.08112407,10.94662694,14.17021712,824.6124993,0.066434692,Rotten
litchi_rotten (769),67.31705273,1.143770608,4.165428242,9.831698319,9.678699136,917.8855643,0.001841133,Rotten
litchi_rotten (770),67.09180704,0.832818361,3.943976857,10.27734081,7.750402589,1309.499108,0.040044187,Rotten
litchi_rotten (771),62.00339821,1.254872529,3.747733967,10.77045377,6.418288287,928.6172481,0.02264413,Rotten
litchi_rotten (772),62.11006692,1.148695043,3.922327896,10.36876072,5.037450947,1158.040738,0.168543825,Rotten
litchi_rotten (773),66.88292998,1.137445379,3.718400914,11.51479034,10.32157485,865.2820841,0.05170125,Rotten
litchi_rotten (774),62.1972275,1.053427701,4.136876549,9.427554649,6.071566969,1444.62031,0.056939594,Rotten
litchi_rotten (775),64.38671697,0.511389668,4.109280324,9.19954296,8.917277636,1040.77243,0.191987314,Rotten
litchi_rotten (776),67.82001826,1.196507183,3.890762225,8.855355558,10.89271761,1435.69244,0.075817345,Rotten
litchi_rotten (777),67.83952518,0.876041791,3.727359241,8.151131872,7.756858969,1461.412949,0.001917128,Rotten
litchi_rotten (778),64.53261773,1.44260971,3.705372773,8.172055858,6.752242924,804.2900531,0.05676923,Rotten
litchi_rotten (779),67.92189938,1.317984771,3.523392596,11.48022077,12.74721623,1124.894631,0.023859916,Rotten
litchi_rotten (780),68.38621796,1.08769447,4.071074596,10.71357259,14.46791172,817.259239,0.020561712,Rotten
litchi_rotten (781),66.54775751,0.752181982,3.815268249,10.64212966,6.004404179,1436.084936,0.015497458,Rotten
litchi_rotten (782),62.28425852,0.703717393,3.72759305,10.45857128,6.555903244,1162.885281,0.118651894,Rotten
litchi_rotten (783),62.7401178,0.840384838,3.829777248,11.39687658,14.60012657,852.4608089,0.037869545,Rotten
litchi_rotten (784),63.14841155,0.976567944,4.073116593,9.921067703,5.377842218,877.1937098,0.072248559,Rotten
litchi_rotten (785),61.16804108,0.79606551,3.587229945,11.48164331,14.77632337,1068.456317,0.172403543,Rotten
litchi_rotten (786),62.7315962,1.014929495,4.100359192,9.437780105,5.046444831,1458.163935,0.084867628,Rotten
litchi_rotten (787),62.09519224,0.665370426,4.128256185,11.70683002,13.73668656,1285.036406,0.18313827,Rotten
litchi_rotten (788),64.5532875,1.477712813,4.162695541,10.79462792,8.07325181,1407.333206,0.099587611,Rotten
litchi_rotten (789),69.08437548,0.607924555,3.778241595,9.028708544,14.38588858,1056.519652,0.079767323,Rotten
litchi_rotten (790),61.04480317,1.43194414,3.651998283,10.25633969,8.169452886,830.2495897,0.150077785,Rotten
litchi_rotten (791),67.20267924,1.413578011,3.761548573,10.13212225,11.54306322,1482.022346,0.01463502,Rotten
litchi_rotten (792),66.87283004,1.025360482,3.733038467,8.551595287,5.800325698,812.0210935,0.017895677,Rotten
litchi_rotten (793),60.95754199,1.224910272,3.623307739,10.36497162,7.423298115,1463.356157,0.130394743,Rotten
litchi_rotten (794),69.22572405,0.936048298,3.925086669,9.259142495,12.73679346,1058.074197,0.097388143,Rotten
litchi_rotten (795),65.68472202,1.130034578,3.833636912,8.209395067,10.28685854,807.0632835,0.15808305,Rotten
litchi_rotten (796),63.63725521,0.840575937,4.105990695,11.79462463,14.27969062,1282.410062,0.183254167,Rotten
litchi_rotten (797),67.56538583,0.80115902,3.522476706,10.56596148,9.287514083,1486.378213,0.077673376,Rotten
litchi_rotten (798),62.57365458,1.078229786,3.950707549,11.50767573,13.69812366,1475.938006,0.119282005,Rotten
litchi_rotten (799),66.93509837,0.998129674,4.034064215,10.70422402,9.489554375,912.6559078,0.100139326,Rotten
litchi_rotten (800),60.39711208,1.079536369,4.031640598,9.427934769,14.79248279,926.8734642,0.196322131,Rotten
litchi_rotten (801),68.39408038,0.786660581,4.120251777,10.05075229,14.59834381,1195.87724,0.166216881,Rotten
litchi_rotten (802),64.48170847,0.866957832,4.01032362,10.70298704,8.291367056,1246.113378,0.182347542,Rotten
litchi_rotten (803),66.36692914,0.583897961,4.149467043,11.8410093,13.8592367,1317.59254,0.050868018,Rotten
litchi_rotten (804),62.2123782,0.552276372,3.73285962,9.014677836,13.47611374,926.7352523,0.154505285,Rotten
litchi_rotten (805),66.77073713,0.75345713,3.852246592,11.49990823,7.106803973,1471.304961,0.053094645,Rotten
litchi_rotten (806),67.72240276,0.574246859,3.509855764,11.69631122,11.24290401,1247.117479,0.041748507,Rotten
litchi_rotten (807),64.73213187,0.603774709,3.504870311,10.68166206,5.726823156,1392.932843,0.188853232,Rotten
litchi_rotten (808),66.17726924,1.312928405,3.668088634,11.72506651,13.36710721,1178.046001,0.003860883,Rotten
litchi_rotten (809),64.56325924,0.538873697,3.570565038,9.59151435,6.745458835,1089.993793,0.193077741,Rotten
litchi_rotten (810),68.94091369,1.158942794,3.682147958,11.8120647,5.708147014,1484.028035,0.029852379,Rotten
litchi_rotten (811),64.97869181,0.772557749,3.623930306,10.81113151,9.002190955,1207.48496,0.163887616,Rotten
litchi_rotten (812),68.41808709,1.371545681,3.519964017,8.16802307,10.76922139,1406.811508,0.055184511,Rotten
litchi_rotten (813),68.01352058,0.984992285,4.136512902,11.62749133,13.54916959,1467.304677,0.070140465,Rotten
litchi_rotten (814),64.10504821,0.805576459,3.505756192,9.937891236,14.74242526,1272.748239,0.043351542,Rotten
litchi_rotten (815),62.30084492,1.017638936,4.015257501,9.841307939,9.394925126,1184.257075,0.117102808,Rotten
litchi_rotten (816),64.06082133,0.881958019,3.606503521,10.26586642,5.60446923,802.4575956,0.06961911,Rotten
litchi_rotten (817),68.26217376,1.064301065,4.138560735,8.597538187,12.49115579,828.0137485,0.131478608,Rotten
litchi_rotten (818),62.27632536,0.614532868,4.124957158,9.876664194,10.65173256,940.5958512,0.003129464,Rotten
litchi_rotten (819),65.24436346,1.496990503,3.957730802,11.32450887,9.478913448,930.2059023,0.012874977,Rotten
litchi_rotten (820),68.06096748,0.925555878,3.970563905,8.061929837,8.092688788,978.3311566,0.019932231,Rotten
litchi_rotten (821),63.53477475,0.84823064,3.503737399,9.091668641,10.02398528,1013.454246,0.083798737,Rotten
litchi_rotten (822),66.42209637,1.210209848,4.189410096,8.009818346,8.386796045,1052.045845,0.162959235,Rotten
litchi_rotten (823),62.45631574,0.863899406,4.114482823,9.662845237,12.57011868,1094.376383,0.177635582,Rotten
litchi_rotten (824),61.09279445,1.333274305,4.126574358,10.91326204,10.43893696,869.2064369,0.048962148,Rotten
litchi_rotten (825),67.94384225,0.954270724,3.961471176,11.19508732,13.76847774,829.6533524,0.114873945,Rotten
litchi_rotten (826),60.98968623,1.219558413,3.74135085,11.78075904,10.43543915,1271.761114,0.153672999,Rotten
litchi_rotten (827),62.71381395,0.607453216,4.125554054,10.43401845,7.382624133,1176.134377,0.057765886,Rotten
litchi_rotten (828),68.55109422,1.346119186,3.70406185,9.018507467,13.51091882,1110.900942,0.081801547,Rotten
litchi_rotten (829),63.46469287,1.235717987,3.89389808,11.6965918,10.57219045,1244.107959,0.104794841,Rotten
litchi_rotten (830),69.7304535,0.711716778,3.569811681,11.10126302,7.068410381,1379.375585,0.026974969,Rotten
litchi_rotten (831),69.79734335,0.64528601,4.145368941,10.29771393,11.2350781,1099.385036,0.005196459,Rotten
litchi_rotten (832),62.6827602,0.816292349,3.59853932,10.78256086,8.577167649,1248.783626,0.030561162,Rotten
litchi_rotten (833),60.40978222,1.476070586,3.657427764,11.69726542,13.44405612,1467.500557,0.125370724,Rotten
litchi_rotten (834),67.05063284,0.756831575,3.890693911,10.84957611,9.532997386,1387.737147,0.014723652,Rotten
litchi_rotten (835),64.50986503,0.956127209,4.0348651,9.47349803,12.26441358,1098.200567,0.037939273,Rotten
litchi_rotten (836),61.00752844,0.530020226,3.933545914,10.85211281,5.955362076,1251.301786,0.067570777,Rotten
litchi_rotten (837),67.07522819,0.89722753,3.662493739,8.161112651,8.960243463,923.9496453,0.015574013,Rotten
litchi_rotten (838),60.31174909,1.071320015,3.50066013,9.545662247,14.83241436,1192.365529,0.038339854,Rotten
litchi_rotten (839),68.7019669,1.453124613,4.030005406,9.625292127,13.08460289,1486.929804,0.182253958,Rotten
litchi_rotten (840),61.38652529,1.016736045,4.189645128,8.667352938,6.599408024,1162.820581,0.003859826,Rotten
litchi_rotten (841),61.27311879,1.319107326,4.066939184,8.092341922,7.777640495,1449.346809,0.130686385,Rotten
litchi_rotten (842),61.75672298,1.047127643,3.822144633,8.533524947,8.298158089,1085.134444,0.076881786,Rotten
litchi_rotten (843),69.60266358,0.540785013,4.132637083,10.61848598,11.5036556,1499.191379,0.134529748,Rotten
litchi_rotten (844),66.9316936,0.815008275,3.786893371,11.20915527,12.56994759,1205.454025,0.117738344,Rotten
litchi_rotten (845),68.01371535,1.075549508,3.867453859,11.95281397,12.49526609,829.588296,0.044699751,Rotten
litchi_rotten (846),63.97634986,1.450593966,3.833990837,9.385454012,10.09874056,1210.728358,0.169441898,Rotten
litchi_rotten (847),63.36312728,1.35913036,3.813336711,10.39751689,13.10820538,992.200887,0.098388077,Rotten
litchi_rotten (848),62.34484007,0.728355614,4.042633539,11.74857987,9.370780828,822.7369254,0.164507204,Rotten
litchi_rotten (849),64.80648028,0.72010983,3.868738235,8.668167125,6.238805653,1374.597313,0.081202507,Rotten
litchi_rotten (850),65.51828734,0.701172967,3.721701985,10.87058235,10.64441842,993.0107459,0.196937111,Rotten
litchi_rotten (851),66.31774844,1.422498896,3.680710717,11.01991493,14.52301385,1357.583988,0.154097872,Rotten
litchi_rotten (852),62.57118504,1.352666153,3.526423122,8.355902143,12.92993651,1001.752308,0.193190041,Rotten
litchi_rotten (853),69.48654081,1.274883432,3.908236613,11.44499754,10.78700648,936.0284477,0.102865296,Rotten
litchi_rotten (854),61.69758498,0.892735114,3.660972991,11.25242019,11.4680566,1481.754902,0.094738226,Rotten
litchi_rotten (855),69.65653175,1.004380704,3.603693745,8.133612026,14.30562027,1053.151729,0.151090762,Rotten
litchi_rotten (856),60.14856123,0.964331745,3.957680975,8.36433766,9.283427944,1220.963348,0.176058253,Rotten
litchi_rotten (857),64.81125692,0.753398108,3.97684648,8.196507576,8.313941389,1226.987045,0.192829159,Rotten
litchi_rotten (858),63.33367838,1.005028046,4.026508425,9.338974127,14.77241565,1192.331438,0.064910381,Rotten
litchi_rotten (859),64.49123414,0.530496548,3.852503827,10.03715596,13.63443134,1440.28702,0.159740915,Rotten
litchi_rotten (860),65.70664579,0.631810373,4.125838224,10.12939091,8.230435846,1272.10875,0.04212912,Rotten
litchi_rotten (861),64.35589158,1.386589596,4.155439927,9.070667039,9.637805974,1082.613103,0.109114869,Rotten
litchi_rotten (862),64.1484685,1.251679767,4.065159658,11.64638755,9.15078129,1403.666269,0.03596963,Rotten
litchi_rotten (863),67.32723415,0.922868409,3.944915437,9.473051159,6.490956787,926.7440294,0.069479472,Rotten
litchi_rotten (864),66.85876275,1.017150362,3.712604668,8.182200624,14.57819324,1180.96573,0.186271673,Rotten
litchi_rotten (865),68.33271282,0.869998886,4.188061445,9.200908446,9.043124312,1465.38526,0.02921814,Rotten
litchi_rotten (866),62.49958981,1.240779867,3.691895317,10.12443769,13.75329083,1237.778341,0.126480179,Rotten
litchi_rotten (867),66.0952851,1.284187179,3.641859845,9.63288729,6.893562277,1371.877915,0.118590855,Rotten
litchi_rotten (868),65.85194785,1.26328519,3.80950788,9.095370076,10.47870811,1257.492508,0.024147671,Rotten
litchi_rotten (869),63.69737811,1.222611725,3.539788399,8.525292999,5.239613851,1387.559604,0.065195809,Rotten
litchi_rotten (870),64.86057542,0.704504339,4.184946125,11.276658,12.64220484,1461.141516,0.112596301,Rotten
litchi_rotten (871),63.13782143,0.837969979,3.911903489,11.98458097,10.80913898,991.0452093,0.037435722,Rotten
litchi_rotten (872),61.41844398,0.969845435,3.889866464,9.318168534,11.25589583,918.7627569,0.160124731,Rotten
litchi_rotten (873),62.13801211,0.830792991,3.959057396,9.526484177,5.517208826,1138.793525,0.194431302,Rotten
litchi_rotten (874),61.05513646,1.2549402,3.847916553,10.4721501,7.110383302,1291.303699,0.04295188,Rotten
litchi_rotten (875),66.83069575,0.829353524,3.522444462,10.8737659,5.743308724,959.0338772,0.037382393,Rotten
litchi_rotten (876),66.60727393,0.638232087,3.928617902,9.568118139,7.889143158,802.8710153,0.090987014,Rotten
litchi_rotten (877),69.50606372,0.899040452,4.001321714,11.61971807,11.27439008,1040.054581,0.149553055,Rotten
litchi_rotten (878),67.29678414,1.479914433,3.791724342,10.24001596,10.66185984,1478.201535,0.056320122,Rotten
litchi_rotten (879),60.52045839,0.725881413,4.0301069,9.801560306,11.12149822,1286.477222,0.003975982,Rotten
litchi_rotten (880),68.84245174,1.112158659,3.65890091,10.58669101,10.49251271,1080.927811,0.108244126,Rotten
litchi_rotten (881),68.62675163,0.93297305,3.654893614,11.81121539,7.730287957,934.8032681,0.191320114,Rotten
litchi_rotten (882),64.43320321,0.571024568,3.612991891,11.17820918,7.445074973,1049.262772,0.078255371,Rotten
litchi_rotten (883),65.85863051,0.987876606,3.760396332,8.160052522,6.370596835,918.8876033,0.084026911,Rotten
litchi_rotten (884),69.76078332,1.202164329,4.092908425,9.329239643,13.49070875,874.4140749,0.193780343,Rotten
litchi_rotten (885),65.32304364,1.013219976,4.079538444,9.88217874,11.16479359,1434.719661,0.138921522,Rotten
litchi_rotten (886),69.05321828,1.372106064,3.767976946,9.258070289,6.865110125,1498.355237,0.143834385,Rotten
litchi_rotten (887),60.83038758,0.788937017,3.912383115,10.80075024,6.772093798,914.8801077,0.112540401,Rotten
litchi_rotten (888),61.91051869,0.586249171,4.004571422,11.3050766,13.73035602,838.1657912,0.194921842,Rotten
litchi_rotten (889),64.40754943,1.436565612,3.668844742,10.92538038,12.42730864,1030.811775,0.137773297,Rotten
litchi_rotten (890),65.84756808,0.87819635,3.61769876,11.95733315,11.5939908,1123.161427,0.17900655,Rotten
litchi_rotten (891),68.16227852,1.076405551,4.180467195,9.090190592,9.068641075,943.374873,0.139875773,Rotten
litchi_rotten (892),69.88262115,1.292003126,3.932290119,11.49995798,7.619755643,1010.997438,0.147023165,Rotten
litchi_rotten (893),63.88851496,0.824313664,4.186991005,11.06649066,14.79450763,940.609515,0.058082184,Rotten
litchi_rotten (894),60.47415636,1.216164538,3.736429191,9.44871503,12.97239575,1341.982398,0.06069574,Rotten
litchi_rotten (895),68.01171503,0.63541885,3.99212219,10.93649817,8.017792231,1298.80456,0.15659693,Rotten
litchi_rotten (896),66.04380719,0.791293747,3.655822546,8.416303826,13.47564796,1244.466061,0.059341258,Rotten
litchi_rotten (897),61.98542859,0.644710636,3.68284012,11.15733393,12.58931949,1071.0525,0.112554014,Rotten
litchi_rotten (898),64.94828457,1.311230558,3.858331485,10.12932241,7.970805499,1436.328659,0.049870462,Rotten
litchi_rotten (899),67.42310246,0.722649235,3.723732688,9.169160691,9.265528542,1478.672779,0.163396676,Rotten
litchi_rotten (900),67.70411787,1.217403555,3.617335095,10.62310921,6.859534454,921.5475188,0.02210027,Rotten
litchi_rotten (901),64.99618412,1.443298397,3.684016491,10.56647999,6.110524444,956.108849,0.165889328,Rotten
litchi_rotten (902),63.0521453,1.027772209,3.525023876,8.837944891,12.22762033,1167.94172,0.12054596,Rotten
litchi_rotten (903),69.73742582,1.040029192,3.993096535,8.121589659,7.675118574,863.8753985,0.037381907,Rotten
litchi_rotten (904),66.63362611,0.961033568,3.84448166,9.734490348,13.20059366,1105.513879,0.108407077,Rotten
litchi_rotten (905),64.08237519,0.825890143,3.565970146,10.27804748,14.95608712,1207.253885,0.056499767,Rotten
litchi_rotten (906),62.80463224,0.975655031,3.620185795,11.50642111,5.766198139,1165.4515,0.064693467,Rotten
litchi_rotten (907),67.31102983,1.102807532,3.571774177,11.71286718,9.730351251,1031.636008,0.070305608,Rotten
litchi_rotten (908),62.42183446,1.485991572,3.928814966,10.11522087,13.02062559,1179.712064,0.012663849,Rotten
litchi_rotten (909),61.71709989,1.437764559,3.565947255,11.01521394,12.88950897,1471.160668,0.197192337,Rotten
litchi_rotten (910),65.29833889,1.362152958,4.027997633,9.757213089,12.59997158,944.212183,0.006306926,Rotten
litchi_rotten (911),62.89987393,1.389130536,3.514357644,10.98432863,8.489949353,1258.381951,0.132499375,Rotten
litchi_rotten (912),66.28905145,0.967849183,3.674563052,8.8192061,9.538532557,830.3776859,0.07424553,Rotten
litchi_rotten (913),61.17938675,1.157444327,4.123466673,9.484258939,10.94968357,846.4914831,0.129202058,Rotten
litchi_rotten (914),66.54941105,1.395066723,4.002971923,10.536912,14.73940584,1186.279757,0.071249651,Rotten
litchi_rotten (915),62.83296528,0.892950765,3.551077833,8.072631862,8.275472709,873.4574262,0.134750129,Rotten
litchi_rotten (916),60.00242934,1.461762478,4.074788273,10.88984524,14.23143888,815.6427519,0.145847102,Rotten
litchi_rotten (917),61.26936058,0.915786062,3.845124585,11.34214201,7.693569182,920.0590984,0.138110528,Rotten
litchi_rotten (918),69.33615378,1.101082665,4.092748119,9.596566644,14.89074465,1195.39442,0.022792396,Rotten
litchi_rotten (919),68.67354639,1.209804713,3.920517842,9.791769669,11.70263687,1292.338668,0.131378647,Rotten
litchi_rotten (920),62.33609032,1.450592013,3.977283122,11.40512885,9.635114804,941.7349949,0.05599751,Rotten
litchi_rotten (921),67.78371905,0.744616274,4.195451092,11.10261854,11.13390428,1267.781606,0.005760274,Rotten
litchi_rotten (922),66.08571593,1.246130978,3.662634882,9.152597956,7.72531169,927.7334318,0.082966134,Rotten
litchi_rotten (923),69.70904711,1.020815586,3.936761902,9.295904426,7.741738575,1229.420199,0.086708621,Rotten
litchi_rotten (924),63.7360566,0.768557141,3.822224973,10.71551293,6.135545438,1088.371776,0.093434827,Rotten
litchi_rotten (925),66.81460613,1.27660684,3.527616367,10.25279237,6.140502977,1257.659657,0.140964833,Rotten
litchi_rotten (926),60.63535722,1.05222228,3.510129449,8.648918284,8.476717415,1496.536927,0.061768762,Rotten
litchi_rotten (927),63.96247347,1.160973821,3.583460004,9.239719637,12.62855478,1456.471876,0.063056103,Rotten
litchi_rotten (928),69.63817661,0.822901069,3.954364218,11.59993311,11.07971168,802.9972305,0.012110451,Rotten
litchi_rotten (929),65.38980874,0.981273952,3.897014162,10.75269775,6.025845603,1419.807135,0.137364243,Rotten
litchi_rotten (930),62.87879503,1.117354251,3.887400693,11.94389727,13.52236525,846.5435566,0.113565218,Rotten
litchi_rotten (931),61.20270963,0.904910814,3.522299734,11.06805012,11.01367627,1467.13261,0.069885023,Rotten
litchi_rotten (932),67.0352834,0.69837254,3.828512097,11.76789773,14.60855577,997.2779754,0.141037796,Rotten
litchi_rotten (933),66.44856043,1.461640492,4.147235972,8.864754295,11.70185467,1067.424381,0.10747155,Rotten
litchi_rotten (934),63.73938714,1.01146754,3.778314309,11.0859395,6.751748637,864.1467436,0.093848989,Rotten
litchi_rotten (935),69.50941352,1.23392037,3.937445729,8.080870081,9.737833623,878.5909308,0.102264909,Rotten
litchi_rotten (936),60.22202813,0.911047194,4.045873073,10.68304009,11.48497598,1308.718396,0.127269625,Rotten
litchi_rotten (937),63.03723852,0.855131764,4.048747695,9.877129112,5.28264701,1461.032565,0.132000521,Rotten
litchi_rotten (938),69.21069486,0.907164298,3.863496058,9.387040288,5.149102642,1227.523946,0.057791564,Rotten
litchi_rotten (939),63.20935438,0.909196644,4.100566362,11.44961741,6.294030006,1301.095011,0.028148673,Rotten
litchi_rotten (940),62.52252834,1.044180116,3.773964665,11.41707077,7.51664435,1333.378821,0.031326836,Rotten
litchi_rotten (941),65.3422041,1.04346987,4.12208525,8.08920682,9.295491235,983.9699922,0.127878177,Rotten
litchi_rotten (942),68.2380175,0.997153816,3.668159016,10.43802049,9.874404738,831.6607416,0.174574657,Rotten
litchi_rotten (943),61.03146761,0.634785785,3.696151485,9.471328897,6.380276089,801.3109207,0.081899256,Rotten
litchi_rotten (944),69.4302071,0.996075479,3.537184437,9.662644006,11.73391579,1045.454498,0.033904032,Rotten
litchi_rotten (945),67.95072881,0.6691039,4.056907286,11.32816296,10.96138062,969.0249597,0.1513205,Rotten
litchi_rotten (946),61.81250256,0.626135786,3.791938665,9.239359086,7.944640988,843.6224075,0.166497895,Rotten
litchi_rotten (947),67.12007961,1.432645717,3.66038163,11.77219524,5.136598834,925.6698047,0.176116489,Rotten
litchi_rotten (948),63.84958723,1.104950013,3.662253194,8.718535305,5.776479154,887.1492288,0.121366286,Rotten
litchi_rotten (949),64.02294678,1.159490058,4.130979959,10.65088969,8.916947755,1440.414866,0.172145712,Rotten
litchi_rotten (950),67.83290092,0.90179367,4.08374162,10.68842027,6.539743512,898.1870494,0.003082992,Rotten
litchi_rotten (951),69.62784808,1.408980892,3.88747162,9.008780646,8.768196061,1176.353925,0.02144716,Rotten
litchi_rotten (952),61.26655873,1.13793049,3.93127756,9.299002436,11.28182605,1215.174169,0.018515213,Rotten
litchi_rotten (953),64.20630237,1.26916987,3.832027899,11.33919397,10.47237428,1180.44262,0.142520937,Rotten
litchi_rotten (954),64.80941608,0.868562469,3.77416658,11.04722102,7.311758831,869.339504,0.013916357,Rotten
litchi_rotten (955),63.76311817,1.460011881,4.140833817,9.316383521,8.438224913,1023.158853,0.099272874,Rotten
litchi_rotten (956),63.63189124,1.32046129,3.587928892,10.13582619,11.14031198,835.8892327,0.09454138,Rotten
litchi_rotten (957),60.52268668,1.353948463,3.792912753,8.246721185,13.60855028,1076.96894,0.062140705,Rotten
litchi_rotten (958),66.85538621,0.672194267,3.741193336,8.83498353,12.53213439,932.0192519,0.174081034,Rotten
litchi_rotten (959),64.36214417,0.770963208,3.848705504,9.943282235,10.53400027,1193.142773,0.03408664,Rotten
litchi_rotten (960),61.94793803,0.7856266,3.820342312,8.343894941,8.622929983,1284.965876,0.070492557,Rotten
litchi_rotten (961),68.16033502,0.770909223,3.863222672,11.37332942,8.650512775,1172.483902,0.1548343,Rotten
litchi_rotten (962),68.02560748,1.355408162,3.597943284,10.87202484,13.7941731,1103.965688,0.006084463,Rotten
litchi_rotten (963),64.86391628,0.531884795,3.859199051,11.77453468,5.39243576,1071.133395,0.13459008,Rotten
litchi_rotten (964),62.98450661,0.576099989,3.66969317,10.77386762,14.87982644,1389.184238,0.163279545,Rotten
litchi_rotten (965),66.38092726,0.773914871,3.629031944,11.76160549,11.64375411,953.5576455,0.186453568,Rotten
litchi_rotten (966),62.88152136,0.699872975,3.545383953,10.21805022,11.81137699,1313.952838,0.175259328,Rotten
litchi_rotten (967),62.3600793,0.731859614,4.033856791,10.40087444,5.379978373,1330.237627,0.063876823,Rotten
litchi_rotten (968),67.30514654,1.297943189,3.799209345,11.90788422,11.05529275,1093.440005,0.117272828,Rotten
litchi_rotten (969),60.4032524,1.063126594,3.938650578,10.56851659,9.847780601,1008.110419,0.015458699,Rotten
litchi_rotten (970),60.94768471,0.505770661,4.00931534,8.123146275,6.057789069,1129.37904,0.051574001,Rotten
litchi_rotten (971),60.06788174,0.929322766,3.975521666,10.89521111,7.779220108,865.2497481,0.018844476,Rotten
litchi_rotten (972),61.52943186,0.907884927,3.829350503,11.62187477,13.90314456,832.1510226,0.063037458,Rotten
litchi_rotten (973),60.68990009,0.613945269,3.77152897,11.182321,10.49988416,878.1222396,0.175037443,Rotten
litchi_rotten (974),69.95802368,1.176141789,3.763171937,10.33533309,9.134165752,931.001522,0.069433368,Rotten
litchi_rotten (975),62.8880997,1.202097188,3.948034158,10.68521405,5.726821558,1152.923774,0.112379621,Rotten
litchi_rotten (976),61.49268013,1.220893219,3.846356048,11.96076716,12.14121527,1394.395645,0.08667617,Rotten
litchi_rotten (977),62.40996258,1.228470946,4.094392574,8.362648354,12.02850823,964.9496324,0.091783305,Rotten
litchi_rotten (978),69.36125572,0.500052827,4.112291389,10.66897931,11.14043607,1454.613408,0.19391441,Rotten
litchi_rotten (979),65.20160223,1.453920804,3.619392265,9.133590778,10.10262646,1468.435536,0.059230894,Rotten
litchi_rotten (980),63.64818096,1.314208767,3.595363556,10.56036159,9.337844022,1471.233223,0.125464894,Rotten
litchi_rotten (981),68.73391458,1.403981697,3.941280648,10.4304943,10.93271093,1386.293914,0.084012534,Rotten
litchi_rotten (982),63.94990271,0.515643295,3.710858024,8.613827328,7.333954517,1054.677529,0.012229236,Rotten
litchi_rotten (983),63.3500857,1.433858796,3.512999503,8.826986583,14.41259064,850.8787377,0.097866166,Rotten
litchi_rotten (984),62.07282523,1.309788529,4.122049869,10.48651831,10.88794529,1198.173112,0.162668666,Rotten
litchi_rotten (985),63.77796824,1.337219143,3.658830537,8.512919789,8.111924444,1191.077011,0.019750594,Rotten
litchi_rotten (986),63.16684356,0.593287385,4.150496456,9.060723501,9.496798509,1394.983037,0.013918369,Rotten
litchi_rotten (987),66.77303959,1.238778029,4.002204116,11.34098219,13.05684789,1497.193736,0.030726304,Rotten
litchi_rotten (988),62.89582705,1.45991669,4.033857443,9.308366024,6.616160607,1155.710115,0.152880022,Rotten
litchi_rotten (989),65.77199746,1.178547341,3.641023047,9.952240625,7.928356225,1041.642822,0.144799077,Rotten
litchi_rotten (990),60.65892165,1.070561405,3.663936098,11.76456134,11.79508023,930.1311981,0.113003554,Rotten
litchi_rotten (991),61.91289157,1.445629678,3.864887428,8.908596355,8.154892065,803.3598774,0.093645281,Rotten
litchi_rotten (992),64.07405272,0.942937122,3.620469897,9.558504069,12.92501682,1156.379585,0.177665163,Rotten
litchi_rotten (993),69.36949254,1.099293566,3.713802185,10.4258311,6.304534872,1188.863067,0.153339565,Rotten
litchi_rotten (994),63.77251986,0.976338293,3.725023735,11.02135572,12.6268617,1377.456936,0.16238845,Rotten
litchi_rotten (995),66.64074121,1.432846221,3.611740953,11.60661355,5.683517149,1153.203878,0.16265246,Rotten
litchi_rotten (996),62.55087222,0.576084727,3.643627983,11.66189195,5.125926127,1441.527844,0.128543431,Rotten
litchi_rotten (997),61.27033576,1.001119701,4.051986289,11.1065603,13.98223519,1239.658434,0.091602925,Rotten
litchi_rotten (998),60.585366,1.186952441,3.617037098,8.913323346,10.81339217,1388.235367,0.172935551,Rotten
litchi_rotten (999),63.05413499,1.291906538,3.519920174,8.09923732,8.518268971,903.8112144,0.185201484,Rotten
litchi_rotten (1000),61.57661027,1.083018647,3.94054846,9.535095721,7.32594637,1398.735291,0.004761209,Rotten
litchi_formalin (1),75.36088411,3.908153943,4.983877162,19.0031587,0.313062261,257.0837947,2.662110562,Formalin-Mixed
litchi_formalin (2),81.71120308,3.535508389,4.550751929,16.57546297,0.27356482,399.1833876,2.142045214,Formalin-Mixed
litchi_formalin (3),76.9401243,3.857800937,4.748873408,18.48823804,0.221566674,378.5492069,2.722137289,Formalin-Mixed
litchi_formalin (4),81.11358608,3.058151121,4.714023896,16.32129242,0.429325498,299.9043715,3.036330828,Formalin-Mixed
litchi_formalin (5),77.72156583,3.526515617,4.663011726,18.77848915,0.475439808,351.4637001,4.499435912,Formalin-Mixed
litchi_formalin (6),75.8337004,3.539426515,4.822766995,17.52735639,0.330459887,275.9107476,3.099178,Formalin-Mixed
litchi_formalin (7),75.5631024,3.860702033,4.565527872,16.52999583,0.445433674,424.3194302,4.263865348,Formalin-Mixed
litchi_formalin (8),76.09555529,3.097609998,4.858331209,19.44820343,0.220862892,321.5796171,3.318326844,Formalin-Mixed
litchi_formalin (9),76.74925236,3.240445564,4.990296062,18.45603336,0.239717339,375.2088941,4.354604936,Formalin-Mixed
litchi_formalin (10),78.41962848,3.406538314,4.902279357,17.41889987,0.480701909,281.7552573,4.928814801,Formalin-Mixed
litchi_formalin (11),79.9104853,3.865841475,4.930008376,16.12290872,0.347227882,291.2329689,2.719524674,Formalin-Mixed
litchi_formalin (12),81.90479004,3.938883315,4.679818372,18.14924104,0.468533612,448.3912742,4.587024836,Formalin-Mixed
litchi_formalin (13),78.0905472,3.99272462,4.662443303,19.69290351,0.532688448,400.6172789,3.865472259,Formalin-Mixed
litchi_formalin (14),78.6272946,3.959193486,4.758524177,18.38551933,0.541048975,442.394374,4.451882785,Formalin-Mixed
litchi_formalin (15),78.65270991,3.005941756,4.522863307,19.88660242,0.268867058,309.170233,3.954757707,Formalin-Mixed
litchi_formalin (16),78.77604049,3.047708341,4.972679067,16.54580447,0.394514229,282.9125753,3.271848522,Formalin-Mixed
litchi_formalin (17),78.6241846,3.147606819,4.571892587,18.27322042,0.493570689,350.6136927,2.684224818,Formalin-Mixed
litchi_formalin (18),75.06142329,3.348862097,4.95150652,19.19250019,0.509592239,348.9336564,2.210105676,Formalin-Mixed
litchi_formalin (19),75.01207375,3.829918031,4.541791111,18.10216292,0.513870392,284.9893028,3.606555093,Formalin-Mixed
litchi_formalin (20),75.68366423,3.892656195,4.911312464,16.36426542,0.291266934,396.6439139,4.970978284,Formalin-Mixed
litchi_formalin (21),75.71089622,3.186834406,4.575981263,18.33154401,0.277013927,322.3555069,4.214125415,Formalin-Mixed
litchi_formalin (22),79.93427836,3.619664152,4.519065807,18.44695162,0.436004987,287.2730462,2.982036624,Formalin-Mixed
litchi_formalin (23),76.43441223,3.917361985,4.859744725,18.91483699,0.496434319,316.3966789,4.4816144,Formalin-Mixed
litchi_formalin (24),81.26299873,3.463731736,4.64013265,19.04484606,0.327655806,362.7317399,4.306952001,Formalin-Mixed
litchi_formalin (25),81.50024431,3.103543572,4.857248076,19.08309075,0.241882063,395.2941864,2.84490738,Formalin-Mixed
litchi_formalin (26),81.83125337,3.45781365,4.777542625,18.65377757,0.486698553,346.3781772,2.042922469,Formalin-Mixed
litchi_formalin (27),81.57356913,3.375794902,4.554403695,16.86324475,0.319879133,355.118998,2.354487916,Formalin-Mixed
litchi_formalin (28),76.90321825,3.577657996,4.966065037,17.61694302,0.26654509,277.7891872,4.631918571,Formalin-Mixed
litchi_formalin (29),78.56843791,3.438658684,4.726157087,19.10451989,0.259089411,432.9381849,4.509689106,Formalin-Mixed
litchi_formalin (30),76.22818479,3.017345927,4.867223639,19.81370793,0.325963819,435.7448396,2.885627003,Formalin-Mixed
litchi_formalin (31),80.64346759,3.993997733,4.750510286,16.31578786,0.437071226,386.6853181,2.855586279,Formalin-Mixed
litchi_formalin (32),81.21902194,3.543540238,4.802180737,18.14214671,0.343360895,253.5262818,4.378594961,Formalin-Mixed
litchi_formalin (33),80.95902188,3.473630755,4.651386796,17.25008909,0.208264741,357.4148432,4.81321241,Formalin-Mixed
litchi_formalin (34),78.03356864,3.954617372,4.600180152,16.90157558,0.238763374,375.8437944,4.33741177,Formalin-Mixed
litchi_formalin (35),80.31071719,3.155860368,4.771285102,18.02324273,0.316201299,448.9308446,3.816736031,Formalin-Mixed
litchi_formalin (36),75.68305419,3.189237603,4.720109486,18.42435736,0.463881793,449.213391,2.728014051,Formalin-Mixed
litchi_formalin (37),75.28171339,3.808014749,4.695056607,16.03908893,0.239406029,421.5222471,3.577243742,Formalin-Mixed
litchi_formalin (38),80.2726549,3.26083108,4.836283598,19.12082629,0.424262741,262.7661984,2.700535576,Formalin-Mixed
litchi_formalin (39),77.97748692,3.799227106,4.845253316,19.27952853,0.247954348,440.6552782,4.42403426,Formalin-Mixed
litchi_formalin (40),81.96884485,3.271533483,4.522960028,19.8620433,0.284646131,372.5322494,3.160883239,Formalin-Mixed
litchi_formalin (41),75.68077951,3.03318763,4.669372247,16.72257493,0.268875411,410.1773541,4.501091651,Formalin-Mixed
litchi_formalin (42),80.98939377,3.517014724,4.705882275,18.37821025,0.226891454,331.4385699,3.144827654,Formalin-Mixed
litchi_formalin (43),78.35988146,3.196686434,4.548446081,17.70650149,0.468531927,313.9338942,4.472448216,Formalin-Mixed
litchi_formalin (44),80.79005137,3.757846293,4.617950433,17.33931141,0.385361419,342.6488291,2.999953445,Formalin-Mixed
litchi_formalin (45),80.71989098,3.641199633,4.525820899,18.26253381,0.532421376,279.3749026,3.320398114,Formalin-Mixed
litchi_formalin (46),81.41194401,3.923602668,4.998121049,19.12953237,0.239556336,321.4132278,3.846465258,Formalin-Mixed
litchi_formalin (47),77.08495008,3.782988357,4.868278601,16.09221113,0.257893173,421.5235,2.210862842,Formalin-Mixed
litchi_formalin (48),81.64859547,3.180775955,4.543725078,19.87760045,0.322583093,257.5900973,4.844621185,Formalin-Mixed
litchi_formalin (49),76.06166872,3.800158237,4.51012469,19.23952634,0.506346395,280.1756094,3.720817358,Formalin-Mixed
litchi_formalin (50),75.57378144,3.641737045,4.8596439,19.00461481,0.322303529,275.0232319,3.523460044,Formalin-Mixed
litchi_formalin (51),78.02130862,3.668951642,4.719596083,19.04154953,0.363367483,330.6151085,4.518181913,Formalin-Mixed
litchi_formalin (52),80.79826078,3.832262886,4.893398355,17.55624284,0.320641427,449.3973802,4.59728819,Formalin-Mixed
litchi_formalin (53),78.31394791,3.573824069,4.961738019,19.0064822,0.232089717,284.671586,3.566781214,Formalin-Mixed
litchi_formalin (54),80.80500674,3.466003514,4.799650195,17.54708083,0.575773449,279.0965299,4.781786977,Formalin-Mixed
litchi_formalin (55),80.10780764,3.636641035,4.593554211,19.59482732,0.419415597,433.011146,2.194213298,Formalin-Mixed
litchi_formalin (56),76.4659987,3.297957429,4.891097018,16.70888953,0.515133275,426.4101034,2.339677377,Formalin-Mixed
litchi_formalin (57),81.64217137,3.182597131,4.977905872,17.1693897,0.463342837,256.448074,3.79036469,Formalin-Mixed
litchi_formalin (58),75.42546818,3.616587838,4.790115644,18.20535017,0.405701712,400.341192,3.062197585,Formalin-Mixed
litchi_formalin (59),81.28795795,3.233848369,4.840998724,17.27684414,0.235871303,381.0931403,3.392675499,Formalin-Mixed
litchi_formalin (60),77.13110414,3.079915109,4.668737348,17.69694898,0.457093418,403.548162,2.984237654,Formalin-Mixed
litchi_formalin (61),78.50103658,3.000554185,4.690763847,17.96969076,0.262148142,348.900491,3.214175934,Formalin-Mixed
litchi_formalin (62),77.95646311,3.608319401,4.867327249,19.4254134,0.365753268,448.2758437,4.467939041,Formalin-Mixed
litchi_formalin (63),76.2028419,3.362148783,4.963885549,18.09276901,0.451645257,258.7694037,3.7804286,Formalin-Mixed
litchi_formalin (64),77.50702806,3.752310971,4.814494194,17.44983939,0.5128916,296.8743173,4.992033648,Formalin-Mixed
litchi_formalin (65),76.35054105,3.375176398,4.894923954,16.99094466,0.47401807,329.3091974,4.360637593,Formalin-Mixed
litchi_formalin (66),76.42720533,3.486003448,4.585817509,17.63470392,0.468613412,339.9555883,2.820998762,Formalin-Mixed
litchi_formalin (67),76.30939785,3.407084973,4.605979545,18.06294442,0.259616884,434.2734805,2.793035353,Formalin-Mixed
litchi_formalin (68),78.42312166,3.650574791,4.766017343,18.98445943,0.338451416,362.0008728,3.00769481,Formalin-Mixed
litchi_formalin (69),80.58551957,3.356139162,4.588277096,16.4841951,0.217164909,259.0221991,4.529778442,Formalin-Mixed
litchi_formalin (70),78.98279024,3.96376765,4.817497535,16.88643675,0.487790757,331.5725927,2.081862952,Formalin-Mixed
litchi_formalin (71),81.25244612,3.936146987,4.645826593,17.51861606,0.581034393,333.2980825,2.690543837,Formalin-Mixed
litchi_formalin (72),79.45581142,3.848027903,4.895766309,17.44159362,0.305644156,443.0981877,4.714755261,Formalin-Mixed
litchi_formalin (73),79.82538081,3.920300271,4.904055173,17.56699235,0.235078684,369.8394182,3.919689308,Formalin-Mixed
litchi_formalin (74),79.67325061,3.449139688,4.731893728,19.17408506,0.390228031,377.1302142,2.680541287,Formalin-Mixed
litchi_formalin (75),78.14621435,3.536430397,4.590405318,17.29661761,0.542679289,392.6506063,2.657434905,Formalin-Mixed
litchi_formalin (76),79.82537176,3.742092593,4.823387481,18.00759272,0.420789678,404.0078631,4.587854305,Formalin-Mixed
litchi_formalin (77),75.48795423,3.696145925,4.996393509,18.49562813,0.21871086,377.010214,4.681272525,Formalin-Mixed
litchi_formalin (78),81.0189603,3.890678596,4.811295449,16.9287142,0.589708896,297.4388702,2.768393273,Formalin-Mixed
litchi_formalin (79),80.444685,3.716331027,4.517887345,18.87478155,0.531459964,424.8091829,3.261531074,Formalin-Mixed
litchi_formalin (80),76.71660971,3.997884708,4.508646988,18.18844528,0.252637631,396.4239601,4.503787216,Formalin-Mixed
litchi_formalin (81),80.37622718,3.3485058,4.660180985,17.78712465,0.568719103,398.374097,4.313022316,Formalin-Mixed
litchi_formalin (82),75.08849821,3.832997742,4.597891903,19.23913611,0.380275315,449.3113478,4.44174832,Formalin-Mixed
litchi_formalin (83),76.52072601,3.697634823,4.906525604,16.97398104,0.348759196,410.505307,3.555194572,Formalin-Mixed
litchi_formalin (84),75.45596067,3.691386445,4.922402834,19.53270388,0.384421332,415.8302806,4.734647145,Formalin-Mixed
litchi_formalin (85),80.46158842,3.325835595,4.629309386,18.24419494,0.533828783,440.2811031,2.977854632,Formalin-Mixed
litchi_formalin (86),80.29111906,3.785601792,4.662822388,18.43669952,0.463791871,280.2268,2.470016403,Formalin-Mixed
litchi_formalin (87),80.69545217,3.900376022,4.618123484,19.50023586,0.223699381,349.5454753,4.126196998,Formalin-Mixed
litchi_formalin (88),75.03137185,3.218548462,4.954191274,19.27033075,0.583041748,366.1134047,3.618063248,Formalin-Mixed
litchi_formalin (89),78.50862909,3.625496837,4.751324667,18.40624828,0.259113653,315.8551458,4.563757306,Formalin-Mixed
litchi_formalin (90),79.93385338,3.392134829,4.828068522,19.01275082,0.498227181,417.8806688,2.243477747,Formalin-Mixed
litchi_formalin (91),76.0878079,3.989548119,4.707741043,17.73327796,0.454454612,402.4839243,4.53107721,Formalin-Mixed
litchi_formalin (92),79.54853509,3.478832816,4.815507097,18.18951101,0.275011219,394.1766149,2.87988396,Formalin-Mixed
litchi_formalin (93),75.5887707,3.228320174,4.692927688,16.24828055,0.26829283,449.429888,3.964567002,Formalin-Mixed
litchi_formalin (94),76.26928099,3.381857625,4.669839219,16.35943167,0.548131037,301.8762747,2.120386367,Formalin-Mixed
litchi_formalin (95),78.3305777,3.65383839,4.817240037,19.31770162,0.367877969,397.0914503,3.828743889,Formalin-Mixed
litchi_formalin (96),79.57495607,3.076089371,4.795531039,16.23868662,0.461830606,360.280895,4.151815068,Formalin-Mixed
litchi_formalin (97),76.02108389,3.60360192,4.646763977,16.6775965,0.401628402,312.5978365,3.106250644,Formalin-Mixed
litchi_formalin (98),76.29656332,3.931224759,4.574674225,19.18333064,0.490941407,282.1173741,2.646232116,Formalin-Mixed
litchi_formalin (99),76.43112457,3.850362788,4.684288347,16.0045838,0.39169695,429.1767674,3.61289203,Formalin-Mixed
litchi_formalin (100),76.67090563,3.067673537,4.70759882,17.12961732,0.314951966,369.0910965,4.499572413,Formalin-Mixed
litchi_formalin (101),76.58587694,3.993389879,4.814342167,18.33615463,0.345353348,414.9867675,2.970642075,Formalin-Mixed
litchi_formalin (102),77.76604376,3.698726924,4.957264382,18.38179973,0.543631078,359.0689968,2.757407893,Formalin-Mixed
litchi_formalin (103),79.57652756,3.162280824,4.518092399,19.10861163,0.387213877,293.9954161,2.836805926,Formalin-Mixed
litchi_formalin (104),78.06622248,3.012416089,4.621830506,18.02370502,0.285379733,317.5097626,4.847396459,Formalin-Mixed
litchi_formalin (105),80.43181736,3.171282636,4.596857971,18.03760748,0.573842155,326.3077685,3.077830747,Formalin-Mixed
litchi_formalin (106),80.03487954,3.838175921,4.751147204,18.9012423,0.518640183,444.5869625,2.01081272,Formalin-Mixed
litchi_formalin (107),75.8856884,3.021639325,4.714850404,17.99449785,0.222266458,251.1266557,4.345043624,Formalin-Mixed
litchi_formalin (108),75.34189136,3.233147304,4.864518812,18.43396435,0.599577185,447.1332046,4.097824386,Formalin-Mixed
litchi_formalin (109),81.14559095,3.757305595,4.621207956,19.59109627,0.477970679,446.092327,2.385704794,Formalin-Mixed
litchi_formalin (110),75.55881747,3.586110536,4.797249183,17.60580403,0.26410664,449.2301581,4.954712747,Formalin-Mixed
litchi_formalin (111),76.03837427,3.78273571,4.941928632,17.54050028,0.294867073,345.3176358,3.824186856,Formalin-Mixed
litchi_formalin (112),75.15493293,3.746150504,4.95533887,16.01419597,0.476978192,442.7617939,3.502338473,Formalin-Mixed
litchi_formalin (113),79.39835456,3.050601387,4.979392302,18.45370505,0.511904422,329.1198364,3.146657803,Formalin-Mixed
litchi_formalin (114),79.07659394,3.892511419,4.886630576,16.11908763,0.295614377,255.2588881,4.696018267,Formalin-Mixed
litchi_formalin (115),81.90832567,3.227031834,4.952993953,18.01659396,0.302787542,294.8694373,2.731890444,Formalin-Mixed
litchi_formalin (116),81.20852677,3.55339244,4.617265436,19.21693516,0.322848278,439.059249,2.857306701,Formalin-Mixed
litchi_formalin (117),77.87590224,3.644288157,4.598790472,18.19968428,0.439207346,252.7529387,2.36723242,Formalin-Mixed
litchi_formalin (118),77.60110089,3.168628211,4.503244042,17.07854466,0.268726471,359.1988271,4.277357287,Formalin-Mixed
litchi_formalin (119),77.07796424,3.976231257,4.853422179,19.14467369,0.24169728,265.1203178,3.786647841,Formalin-Mixed
litchi_formalin (120),76.06684844,3.488155956,4.968733594,17.07886802,0.471545636,307.2793157,3.827198508,Formalin-Mixed
litchi_formalin (121),75.9665856,3.057642696,4.593467673,18.93212712,0.511639176,267.6185701,2.655411293,Formalin-Mixed
litchi_formalin (122),75.92598596,3.937262045,4.818471788,18.44103382,0.400371762,421.9057242,3.953505167,Formalin-Mixed
litchi_formalin (123),75.7988033,3.586267843,4.87322988,16.67998519,0.345533084,368.2141419,4.296375342,Formalin-Mixed
litchi_formalin (124),76.6835843,3.699193198,4.963807118,19.6205355,0.372817085,430.4212931,3.073665592,Formalin-Mixed
litchi_formalin (125),77.14668041,3.52517579,4.823430112,16.80257473,0.355363134,387.6706399,4.404041432,Formalin-Mixed
litchi_formalin (126),81.7310528,3.834737955,4.985146866,19.9583483,0.583993963,444.2058262,3.046371766,Formalin-Mixed
litchi_formalin (127),79.04931276,3.033133462,4.672336571,16.02924195,0.507235962,351.975531,4.274415385,Formalin-Mixed
litchi_formalin (128),81.91317042,3.268378365,4.674964267,17.05393351,0.283234886,377.7421164,2.101190322,Formalin-Mixed
litchi_formalin (129),77.60726863,3.469648356,4.771506255,16.79944119,0.353675661,365.261764,3.653493804,Formalin-Mixed
litchi_formalin (130),78.20338643,3.076603616,4.691750941,16.05597364,0.417604917,346.8520859,4.908579682,Formalin-Mixed
litchi_formalin (131),77.27205061,3.705906669,4.500712864,18.9294716,0.445194345,419.1918731,4.943733802,Formalin-Mixed
litchi_formalin (132),76.28021356,3.393663414,4.865886013,18.77370321,0.387273558,378.9050271,2.845257735,Formalin-Mixed
litchi_formalin (133),76.00215295,3.27266799,4.875858521,19.16940386,0.524050654,410.262453,3.324197273,Formalin-Mixed
litchi_formalin (134),81.61555438,3.003378847,4.873487302,17.02679419,0.507042408,407.2727873,2.188933724,Formalin-Mixed
litchi_formalin (135),81.90767477,3.719830312,4.672510333,17.77734067,0.402063167,288.2090321,4.620023923,Formalin-Mixed
litchi_formalin (136),75.31436648,3.833809309,4.761144737,18.63645409,0.541771755,380.0327065,3.705716459,Formalin-Mixed
litchi_formalin (137),76.05242112,3.395040536,4.679986759,17.75907402,0.500435812,289.9296038,3.155302037,Formalin-Mixed
litchi_formalin (138),77.96466865,3.564217977,4.5080182,18.78930308,0.511432739,366.6640956,2.338311675,Formalin-Mixed
litchi_formalin (139),76.30433433,3.227686626,4.781224471,18.53589363,0.582560312,385.4869369,4.840301856,Formalin-Mixed
litchi_formalin (140),77.54716276,3.622197646,4.561880333,16.45859121,0.306586776,449.4470143,3.590657143,Formalin-Mixed
litchi_formalin (141),75.90367445,3.012137458,4.540020662,19.12417248,0.307059265,256.1083956,2.848783787,Formalin-Mixed
litchi_formalin (142),78.1955823,3.488643897,4.877749534,18.88270544,0.555580902,268.2484788,3.05064539,Formalin-Mixed
litchi_formalin (143),76.90186231,3.644205482,4.504753101,18.62333755,0.508890549,265.4053393,2.812091543,Formalin-Mixed
litchi_formalin (144),77.46333539,3.918191773,4.979504222,16.62037443,0.570618217,329.6722573,3.805429427,Formalin-Mixed
litchi_formalin (145),75.66018856,3.381335817,4.757627682,17.0719858,0.225252064,414.3176723,4.789890727,Formalin-Mixed
litchi_formalin (146),77.99689635,3.765190203,4.991508215,17.57270813,0.451102831,418.8112666,4.57008141,Formalin-Mixed
litchi_formalin (147),81.88280328,3.59768703,4.528998786,17.11971849,0.257851335,397.3959191,3.381142626,Formalin-Mixed
litchi_formalin (148),77.30183133,3.927012113,4.791764774,16.91124116,0.401558879,429.3756484,4.479498087,Formalin-Mixed
litchi_formalin (149),81.13500492,3.398377676,4.674663518,19.22143068,0.262298773,314.5719888,3.269316444,Formalin-Mixed
litchi_formalin (150),80.90239399,3.31909534,4.921741246,18.55292899,0.251231404,267.6309289,2.756921422,Formalin-Mixed
litchi_formalin (151),81.66440893,3.887141999,4.680611368,18.26188853,0.204867338,261.6306056,4.950245346,Formalin-Mixed
litchi_formalin (152),80.53076659,3.049244401,4.63024379,16.90381084,0.452095525,420.4265439,2.911662704,Formalin-Mixed
litchi_formalin (153),79.61717779,3.136385393,4.928776564,19.67230625,0.343609047,396.0872589,2.971172693,Formalin-Mixed
litchi_formalin (154),80.99609111,3.082404435,4.687326546,16.76473216,0.242075314,389.7230612,4.969078603,Formalin-Mixed
litchi_formalin (155),75.52951276,3.843109957,4.50841666,19.17980373,0.329135111,317.9352677,2.401782479,Formalin-Mixed
litchi_formalin (156),78.2398146,3.010607423,4.69514455,19.86669067,0.267577637,325.9810377,4.281601964,Formalin-Mixed
litchi_formalin (157),81.92479367,3.861657155,4.827261135,18.90837092,0.576677933,441.6227058,4.807438275,Formalin-Mixed
litchi_formalin (158),80.38720106,3.451267795,4.627179769,19.9714351,0.328001954,262.7609488,3.535384983,Formalin-Mixed
litchi_formalin (159),81.73452765,3.004025279,4.715993796,18.60420447,0.333581409,404.7463474,2.007565285,Formalin-Mixed
litchi_formalin (160),80.45744049,3.401645177,4.528357569,16.86984137,0.535943201,311.9266647,3.125176832,Formalin-Mixed
litchi_formalin (161),81.12417377,3.186800841,4.794046396,16.81527797,0.459102305,257.8109237,2.334706977,Formalin-Mixed
litchi_formalin (162),79.94570743,3.624400487,4.878147462,17.29825714,0.484068643,398.5140221,3.248562983,Formalin-Mixed
litchi_formalin (163),80.32351403,3.67935879,4.706656281,16.02852008,0.454400722,316.1823771,4.370080285,Formalin-Mixed
litchi_formalin (164),78.66224607,3.48752757,4.710116316,18.72679388,0.578478514,394.4295037,3.316134647,Formalin-Mixed
litchi_formalin (165),81.46966391,3.040519525,4.544141249,17.07467114,0.282800333,391.5308766,3.295775364,Formalin-Mixed
litchi_formalin (166),80.77527237,3.656128804,4.600970432,19.26073293,0.595615697,356.9573751,3.670368431,Formalin-Mixed
litchi_formalin (167),80.90719476,3.842038784,4.577337652,17.4366906,0.532382471,405.4746258,3.745071754,Formalin-Mixed
litchi_formalin (168),79.71106371,3.720324277,4.740843884,17.91982597,0.435589036,366.2076648,4.568888926,Formalin-Mixed
litchi_formalin (169),77.13205963,3.829957919,4.76462777,19.86275567,0.46494865,307.3273706,2.925066318,Formalin-Mixed
litchi_formalin (170),75.24940857,3.200509524,4.974470066,16.96868849,0.459530351,396.8230602,4.465013793,Formalin-Mixed
litchi_formalin (171),81.54958591,3.88888794,4.536615752,18.88501639,0.22335849,367.8279632,3.697801246,Formalin-Mixed
litchi_formalin (172),79.10284244,3.322193451,4.799933987,19.02047116,0.287206599,252.5454563,2.901588649,Formalin-Mixed
litchi_formalin (173),77.0870008,3.013404814,4.763249264,16.88399263,0.584588354,430.3288356,2.885378132,Formalin-Mixed
litchi_formalin (174),76.04394575,3.843391646,4.758116549,18.00398735,0.413745772,359.1287237,3.083412551,Formalin-Mixed
litchi_formalin (175),80.80666216,3.941821269,4.936579644,17.4008077,0.351341441,423.7254531,3.868079728,Formalin-Mixed
litchi_formalin (176),80.85564136,3.655558197,4.602769235,19.08762497,0.504815385,426.5473678,2.692435194,Formalin-Mixed
litchi_formalin (177),80.70155578,3.23143663,4.520386637,18.48993328,0.409807577,338.9933313,4.761000685,Formalin-Mixed
litchi_formalin (178),79.51557884,3.251744464,4.836135754,17.90393222,0.205265109,351.5319993,3.724737753,Formalin-Mixed
litchi_formalin (179),77.56210771,3.466592873,4.672578732,19.11745306,0.494495039,333.1508775,4.760047331,Formalin-Mixed
litchi_formalin (180),77.12849199,3.89783108,4.508794958,16.94062228,0.492887024,339.8873551,2.139213076,Formalin-Mixed
litchi_formalin (181),75.05988339,3.149597656,4.625687004,19.01448752,0.266059485,429.0294318,3.027834111,Formalin-Mixed
litchi_formalin (182),80.83525291,3.82597367,4.654663387,19.46149725,0.582664035,407.6288028,2.068422982,Formalin-Mixed
litchi_formalin (183),75.61202888,3.291302809,4.808419188,19.51448639,0.289563253,275.3051353,2.816755445,Formalin-Mixed
litchi_formalin (184),79.41528499,3.808586169,4.586292897,19.13469437,0.383099747,372.0615563,4.586019417,Formalin-Mixed
litchi_formalin (185),78.52852463,3.920271198,4.706527174,17.63205667,0.245894385,449.1813281,2.109829148,Formalin-Mixed
litchi_formalin (186),78.68682551,3.427493872,4.741237722,19.92723209,0.441312928,369.1101402,3.3084413,Formalin-Mixed
litchi_formalin (187),81.48698992,3.365050654,4.729618696,17.51837458,0.350180448,407.1743251,2.352701211,Formalin-Mixed
litchi_formalin (188),75.22130508,3.802221319,4.986970383,18.5545016,0.341269385,403.8122947,3.250521978,Formalin-Mixed
litchi_formalin (189),80.41374557,3.529482882,4.522752119,16.64429671,0.530790751,320.0635052,4.516554753,Formalin-Mixed
litchi_formalin (190),75.36436679,3.684449048,4.975484093,19.92179559,0.203824685,324.3698605,3.8692131,Formalin-Mixed
litchi_formalin (191),75.26707524,3.622829237,4.790968607,18.81594369,0.519178708,394.8152844,4.210269036,Formalin-Mixed
litchi_formalin (192),78.00872389,3.152888846,4.897863857,19.01351018,0.428579426,349.9967063,3.047312346,Formalin-Mixed
litchi_formalin (193),75.44152622,3.84479036,4.715196309,16.26310681,0.594439405,364.1141418,4.833193085,Formalin-Mixed
litchi_formalin (194),80.52400766,3.195775111,4.726918941,19.05367126,0.435777288,392.5811581,4.127786281,Formalin-Mixed
litchi_formalin (195),78.70694166,3.932282144,4.93966325,19.09889372,0.222151654,405.5150054,3.265396458,Formalin-Mixed
litchi_formalin (196),75.20327148,3.250571291,4.947967248,18.68709091,0.220258131,304.3033155,3.279394401,Formalin-Mixed
litchi_formalin (197),75.28350481,3.733880973,4.619344441,17.16763846,0.553261195,279.3587519,4.756052534,Formalin-Mixed
litchi_formalin (198),79.28867971,3.284655393,4.599620939,17.95876017,0.536485658,308.3589293,3.72921408,Formalin-Mixed
litchi_formalin (199),80.64278272,3.317785409,4.748117587,16.44173749,0.33835603,351.507665,4.11913763,Formalin-Mixed
litchi_formalin (200),78.06459672,3.310001853,4.950138514,17.88634827,0.447212994,318.4282635,3.251105674,Formalin-Mixed
litchi_formalin (201),78.8820647,3.747892254,4.661177547,16.97529541,0.395836543,363.6725518,2.671078294,Formalin-Mixed
litchi_formalin (202),80.59880618,3.556815118,4.826007308,17.39638795,0.586865622,260.6931448,4.170677876,Formalin-Mixed
litchi_formalin (203),79.27354322,3.882952456,4.854075844,16.65040163,0.57998436,351.9500823,3.823471316,Formalin-Mixed
litchi_formalin (204),76.57332166,3.307372719,4.889337332,16.92021747,0.593535603,323.5969814,3.504028641,Formalin-Mixed
litchi_formalin (205),79.29136418,3.691992522,4.781962229,16.30627457,0.546579512,356.933351,3.87206282,Formalin-Mixed
litchi_formalin (206),79.39795621,3.7529486,4.701227589,19.67960547,0.563820636,334.506671,2.624856758,Formalin-Mixed
litchi_formalin (207),80.13874887,3.151482113,4.983507994,18.12164275,0.286911512,306.8451701,4.38181612,Formalin-Mixed
litchi_formalin (208),79.34611931,3.400589357,4.805665377,17.58696789,0.532402716,430.8215811,4.844488415,Formalin-Mixed
litchi_formalin (209),81.78469491,3.482817494,4.864282606,18.14011685,0.483542845,286.9529977,4.673309433,Formalin-Mixed
litchi_formalin (210),76.38101816,3.35568739,4.672491423,18.51317291,0.585114604,386.2731151,2.964307236,Formalin-Mixed
litchi_formalin (211),81.65763476,3.322112596,4.834974591,19.68751517,0.428504731,434.9289425,3.21801732,Formalin-Mixed
litchi_formalin (212),78.76837643,3.686419894,4.628898831,16.71477181,0.234066867,357.7339919,4.425206899,Formalin-Mixed
litchi_formalin (213),79.70369298,3.215866398,4.622548459,17.18220999,0.438959556,425.2816977,3.785351392,Formalin-Mixed
litchi_formalin (214),75.69623118,3.709390745,4.857361101,19.90315735,0.474632371,274.9702957,3.643743331,Formalin-Mixed
litchi_formalin (215),77.66403159,3.935044196,4.760697368,17.48477195,0.288128411,348.7577541,4.779925903,Formalin-Mixed
litchi_formalin (216),80.38565403,3.565197521,4.841638305,16.0902466,0.357645353,341.4050561,3.608074883,Formalin-Mixed
litchi_formalin (217),79.94837711,3.611434237,4.634719245,16.59057397,0.439401366,251.6237614,3.544816039,Formalin-Mixed
litchi_formalin (218),75.28097572,3.068932702,4.799361671,16.10535481,0.349642295,338.6514683,2.126055774,Formalin-Mixed
litchi_formalin (219),78.82615984,3.864476904,4.721966825,19.95969257,0.349979087,323.8059513,2.208250876,Formalin-Mixed
litchi_formalin (220),75.61794735,3.285447787,4.798480143,17.1154834,0.253234656,383.9597456,2.022260924,Formalin-Mixed
litchi_formalin (221),81.970995,3.615051166,4.645439866,19.69417103,0.576298689,437.6659557,4.739732677,Formalin-Mixed
litchi_formalin (222),81.28107612,3.97911217,4.857725482,19.9835451,0.500197754,267.1582177,3.22515998,Formalin-Mixed
litchi_formalin (223),75.14756462,3.595502601,4.902964683,18.39936488,0.200497376,315.4952773,3.405684128,Formalin-Mixed
litchi_formalin (224),81.01054705,3.724709487,4.629958237,16.13278526,0.506245314,338.8129475,4.536160843,Formalin-Mixed
litchi_formalin (225),81.4360072,3.445319618,4.65031028,16.32636652,0.495917997,341.0370756,3.827738931,Formalin-Mixed
litchi_formalin (226),77.47483756,3.060365844,4.830577135,17.92635622,0.203892384,404.9619442,3.828504789,Formalin-Mixed
litchi_formalin (227),80.03651159,3.797599349,4.847792587,17.62468805,0.347841719,338.6791332,2.889603288,Formalin-Mixed
litchi_formalin (228),78.09472622,3.034998841,4.852049842,18.42470922,0.442699076,255.4322603,4.501725122,Formalin-Mixed
litchi_formalin (229),79.58662739,3.700657829,4.841349252,17.75539124,0.381100261,392.0208189,2.497489928,Formalin-Mixed
litchi_formalin (230),77.38222183,3.022921573,4.696403858,19.7363074,0.511194447,426.965939,2.159448777,Formalin-Mixed
litchi_formalin (231),77.25791466,3.862305237,4.697426837,18.13895886,0.370183333,352.7809425,2.574810073,Formalin-Mixed
litchi_formalin (232),77.97103722,3.157636036,4.627408812,18.77490425,0.261545188,366.2217043,2.803211656,Formalin-Mixed
litchi_formalin (233),76.01897431,3.514271495,4.57841685,19.58594109,0.59056625,282.5872878,2.846933174,Formalin-Mixed
litchi_formalin (234),80.81797275,3.597150704,4.84628869,16.5874875,0.296815997,294.1291889,4.011540796,Formalin-Mixed
litchi_formalin (235),77.44088527,3.457545407,4.546594393,16.91893862,0.487076924,297.0340478,2.653473762,Formalin-Mixed
litchi_formalin (236),77.80104688,3.340763489,4.968896143,16.42927464,0.257262525,336.148395,4.029974913,Formalin-Mixed
litchi_formalin (237),81.25838229,3.467814296,4.913343152,16.5585536,0.331605046,435.6290442,2.27339652,Formalin-Mixed
litchi_formalin (238),78.4763667,3.311415754,4.92875287,18.05033587,0.376811043,354.3569533,2.441607383,Formalin-Mixed
litchi_formalin (239),78.80977737,3.438122347,4.953334407,17.28471704,0.276892802,288.419529,3.526464345,Formalin-Mixed
litchi_formalin (240),81.69548687,3.358912991,4.704302485,17.69269136,0.379983831,303.2175472,4.765687408,Formalin-Mixed
litchi_formalin (241),81.20708468,3.566204824,4.923350362,19.92995933,0.262865129,326.8030059,4.578702766,Formalin-Mixed
litchi_formalin (242),76.18626696,3.237924162,4.57903065,16.62681739,0.423602616,374.6517951,4.906260327,Formalin-Mixed
litchi_formalin (243),78.31250521,3.988656555,4.510820897,18.16324828,0.465485301,338.0066306,3.951437196,Formalin-Mixed
litchi_formalin (244),81.79907359,3.500869953,4.892445697,16.39548462,0.224973714,328.4889688,4.027444599,Formalin-Mixed
litchi_formalin (245),77.60656409,3.194162077,4.537398324,17.27398525,0.548452848,362.9457201,3.875068997,Formalin-Mixed
litchi_formalin (246),77.60101176,3.47706675,4.994262334,18.11010369,0.274056354,298.366999,3.868456769,Formalin-Mixed
litchi_formalin (247),76.36521162,3.86641513,4.837398215,19.78652698,0.29014497,265.7806545,2.441361035,Formalin-Mixed
litchi_formalin (248),75.8002618,3.021806793,4.876724855,17.56491289,0.464539936,254.882863,3.631216868,Formalin-Mixed
litchi_formalin (249),80.18213354,3.679554119,4.622901928,16.25962678,0.387500424,300.2518327,3.1582038,Formalin-Mixed
litchi_formalin (250),80.39021328,3.547967797,4.836932697,17.55264579,0.39975824,268.3184068,3.327611647,Formalin-Mixed
litchi_formalin (251),81.78309074,3.169557994,4.521609969,16.5829647,0.251261994,317.2681277,3.570801719,Formalin-Mixed
litchi_formalin (252),80.41392748,3.817476439,4.91891286,16.91995845,0.522294329,404.5867081,2.385188515,Formalin-Mixed
litchi_formalin (253),76.70346746,3.368884622,4.584812047,18.47236249,0.446821698,393.2588661,3.078463202,Formalin-Mixed
litchi_formalin (254),75.28081605,3.293802029,4.848679033,16.26969546,0.254152817,372.1855246,2.190348683,Formalin-Mixed
litchi_formalin (255),81.89806169,3.828125192,4.612240251,17.85889503,0.349599747,420.5000488,4.939004391,Formalin-Mixed
litchi_formalin (256),77.38315487,3.638525046,4.534226585,18.43784634,0.524163973,306.4135249,2.355584086,Formalin-Mixed
litchi_formalin (257),77.1838008,3.898259084,4.740746839,17.68743357,0.427342018,427.0107506,2.775574216,Formalin-Mixed
litchi_formalin (258),81.34168647,3.629883704,4.584643105,16.0765054,0.243459512,329.8478339,4.67387878,Formalin-Mixed
litchi_formalin (259),79.09569929,3.740817658,4.864721994,19.94207743,0.349110818,330.1786637,3.448130139,Formalin-Mixed
litchi_formalin (260),76.50409822,3.836445896,4.618782922,17.46846307,0.297077759,331.0703227,2.406911605,Formalin-Mixed
litchi_formalin (261),81.2236737,3.054739636,4.671236278,19.11430875,0.406986221,269.6188732,3.152691614,Formalin-Mixed
litchi_formalin (262),81.95352599,3.776048959,4.783719626,17.30258597,0.537344452,445.0980997,2.347603983,Formalin-Mixed
litchi_formalin (263),75.60674993,3.613706482,4.642484139,17.90006703,0.374506854,277.7013556,2.600647991,Formalin-Mixed
litchi_formalin (264),81.0357614,3.069507797,4.688994058,17.55385457,0.373336812,318.1771449,2.156089541,Formalin-Mixed
litchi_formalin (265),77.73360988,3.508577922,4.907810886,17.37015692,0.562140361,313.8600641,3.314682484,Formalin-Mixed
litchi_formalin (266),78.66850713,3.082458078,4.589604925,16.08740551,0.430474165,264.9358866,4.419908365,Formalin-Mixed
litchi_formalin (267),81.40371183,3.735947202,4.541100795,17.44008375,0.426476435,280.452026,3.757907536,Formalin-Mixed
litchi_formalin (268),81.81365437,3.546501714,4.664178893,19.55795996,0.304763957,258.9716672,3.819035916,Formalin-Mixed
litchi_formalin (269),76.83514737,3.953573537,4.712188384,18.76157335,0.443089099,308.4808987,2.60175209,Formalin-Mixed
litchi_formalin (270),76.4899554,3.183135372,4.771329641,16.58169144,0.430364187,423.3313848,3.03168153,Formalin-Mixed
litchi_formalin (271),75.56361591,3.606033453,4.686211848,18.36462002,0.358740588,317.8884411,4.535726312,Formalin-Mixed
litchi_formalin (272),78.93258497,3.211582135,4.89495585,19.56892344,0.596278226,274.7383664,2.263568553,Formalin-Mixed
litchi_formalin (273),75.09523077,3.614064985,4.519659744,18.80013616,0.552756386,379.1387737,4.573791961,Formalin-Mixed
litchi_formalin (274),77.88328808,3.722649702,4.715883769,16.59473757,0.499834516,449.3201824,3.451070079,Formalin-Mixed
litchi_formalin (275),75.51368812,3.722304329,4.691127957,19.47132999,0.414938235,296.4647579,4.511442294,Formalin-Mixed
litchi_formalin (276),77.83658048,3.815073991,4.823789245,17.20617605,0.384823921,305.9142011,2.954019258,Formalin-Mixed
litchi_formalin (277),75.27952532,3.853550228,4.983138126,17.81630458,0.273958958,444.3694109,3.016528855,Formalin-Mixed
litchi_formalin (278),80.84652082,3.077271726,4.755187703,18.10457104,0.32229499,285.7552575,4.254814605,Formalin-Mixed
litchi_formalin (279),76.46817296,3.343267157,4.993438423,19.40202642,0.50958432,352.2428135,4.35498852,Formalin-Mixed
litchi_formalin (280),77.29816097,3.68712252,4.651124697,19.72642998,0.381499582,297.9304266,2.688934034,Formalin-Mixed
litchi_formalin (281),81.09033598,3.498586287,4.515434066,19.71861151,0.552907807,436.4703796,4.918613974,Formalin-Mixed
litchi_formalin (282),80.22386243,3.190675947,4.582831584,16.03181673,0.259164455,446.3042029,2.253470313,Formalin-Mixed
litchi_formalin (283),76.53326853,3.55270957,4.697562442,19.68755394,0.403338838,412.9395692,2.205508889,Formalin-Mixed
litchi_formalin (284),75.50329593,3.407435653,4.658166955,16.21754786,0.458786274,312.9567632,3.786512646,Formalin-Mixed
litchi_formalin (285),80.00971644,3.390038278,4.548527065,17.06309463,0.406739383,330.6974951,4.168222303,Formalin-Mixed
litchi_formalin (286),77.73491785,3.809753717,4.716330054,18.05995142,0.555690757,298.4611367,4.882658388,Formalin-Mixed
litchi_formalin (287),80.36255999,3.407598334,4.669057886,17.91970276,0.595825313,428.1515934,3.214837342,Formalin-Mixed
litchi_formalin (288),78.11706341,3.026454505,4.56130961,18.41883918,0.246333863,432.9116555,2.075874227,Formalin-Mixed
litchi_formalin (289),77.42201689,3.058063339,4.648058565,17.91778491,0.251981962,333.7741324,3.808689018,Formalin-Mixed
litchi_formalin (290),78.15843786,3.856244042,4.943218028,19.73750272,0.252129645,381.306614,2.869088062,Formalin-Mixed
litchi_formalin (291),80.2399129,3.96060081,4.651024433,16.96219539,0.472470838,283.110636,3.298841364,Formalin-Mixed
litchi_formalin (292),81.31554201,3.688409336,4.856977712,17.09609878,0.349070438,336.9871801,3.465408447,Formalin-Mixed
litchi_formalin (293),75.34837038,3.364368294,4.80602354,19.68295174,0.493325865,376.2998213,2.193537832,Formalin-Mixed
litchi_formalin (294),78.66878079,3.938600316,4.713590581,16.30695805,0.362188589,327.0806237,3.457945354,Formalin-Mixed
litchi_formalin (295),75.229848,3.662803086,4.619512818,18.43824329,0.451042689,321.5199051,3.278959,Formalin-Mixed
litchi_formalin (296),78.27886682,3.844333549,4.68450735,18.72694381,0.507943202,250.1997985,4.137632796,Formalin-Mixed
litchi_formalin (297),81.1969798,3.765852304,4.796053607,18.02216689,0.419286364,410.8586928,3.936997734,Formalin-Mixed
litchi_formalin (298),77.53113186,3.379139316,4.675376607,18.77692752,0.415801436,427.8675224,2.555647154,Formalin-Mixed
litchi_formalin (299),81.52715295,3.478702201,4.607448217,16.69101858,0.23529373,443.8927059,2.618416755,Formalin-Mixed
litchi_formalin (300),79.4142593,3.186132154,4.558231374,19.41052893,0.364312697,393.854277,2.753018536,Formalin-Mixed
litchi_formalin (301),81.53908741,3.2920141,4.939883469,16.56010276,0.418310861,359.7584625,2.536851321,Formalin-Mixed
litchi_formalin (302),80.30016638,3.778125661,4.720156488,17.60324978,0.38479233,303.856904,3.971639599,Formalin-Mixed
litchi_formalin (303),75.72404617,3.893978392,4.812604161,16.30103041,0.5603128,449.8598952,4.983290538,Formalin-Mixed
litchi_formalin (304),76.61805957,3.724460423,4.745205181,18.18084432,0.562612253,367.9505709,3.956325022,Formalin-Mixed
litchi_formalin (305),77.75919318,3.465173697,4.936283259,18.67898323,0.528766952,386.2308145,3.820044639,Formalin-Mixed
litchi_formalin (306),76.19074817,3.086509269,4.773467426,19.76488654,0.35011923,386.4812324,3.2297838,Formalin-Mixed
litchi_formalin (307),78.46438123,3.056947949,4.740390709,18.95734478,0.486919661,419.0503592,2.937740777,Formalin-Mixed
litchi_formalin (308),78.29957709,3.374325565,4.962300495,18.16441167,0.358115384,251.9345078,4.733221271,Formalin-Mixed
litchi_formalin (309),81.69381439,3.463821719,4.859844798,19.73046807,0.29303744,294.0493881,4.907005622,Formalin-Mixed
litchi_formalin (310),78.03609518,3.609120622,4.555774954,17.91374735,0.337161057,383.1068,3.490328527,Formalin-Mixed
litchi_formalin (311),80.49938763,3.006489521,4.588852231,18.24482261,0.228385853,429.0291474,2.870601487,Formalin-Mixed
litchi_formalin (312),81.59337381,3.98972289,4.893561431,18.38439411,0.332711004,387.0677564,4.310366623,Formalin-Mixed
litchi_formalin (313),81.13892182,3.363938883,4.917925661,17.6399189,0.384296887,332.6982583,2.397370373,Formalin-Mixed
litchi_formalin (314),76.46067337,3.848094664,4.772595415,19.35393076,0.582192358,322.3110992,4.296764713,Formalin-Mixed
litchi_formalin (315),78.47220926,3.534966706,4.777227614,16.74070376,0.325364234,397.5896017,4.456845123,Formalin-Mixed
litchi_formalin (316),77.43417848,3.130439455,4.815966481,18.21936876,0.560981416,398.2475394,2.374711834,Formalin-Mixed
litchi_formalin (317),77.79901087,3.797565553,4.719557887,18.88893302,0.29154331,371.4115985,4.930584406,Formalin-Mixed
litchi_formalin (318),77.52564778,3.709827075,4.840099562,19.61590469,0.276387559,308.2934048,4.956536871,Formalin-Mixed
litchi_formalin (319),80.78451447,3.527436085,4.554240629,19.53567359,0.407598183,435.0309637,4.810158438,Formalin-Mixed
litchi_formalin (320),78.16497339,3.514553091,4.980639621,18.03496116,0.469004548,360.3759884,3.488104428,Formalin-Mixed
litchi_formalin (321),78.66586033,3.087479606,4.875077412,18.5726458,0.2177329,408.0984712,2.738222427,Formalin-Mixed
litchi_formalin (322),81.8771315,3.655848949,4.815587102,17.57695094,0.288426346,292.8616524,3.746027843,Formalin-Mixed
litchi_formalin (323),75.41985491,3.911245156,4.658161029,17.87271105,0.382273467,318.8081577,3.259801515,Formalin-Mixed
litchi_formalin (324),78.41570348,3.093244919,4.580477744,19.62506317,0.332401734,424.9159033,2.617845934,Formalin-Mixed
litchi_formalin (325),80.41843195,3.263511451,4.704671482,19.72281597,0.485048432,260.021406,3.271029229,Formalin-Mixed
litchi_formalin (326),76.05813371,3.902307973,4.83078837,19.58165623,0.404464238,352.4630623,3.991669507,Formalin-Mixed
litchi_formalin (327),79.28072116,3.28434391,4.816854872,16.55348345,0.264143642,346.341096,2.212739932,Formalin-Mixed
litchi_formalin (328),76.67625346,3.653943672,4.691320578,19.40033609,0.557786152,400.2460378,3.000254004,Formalin-Mixed
litchi_formalin (329),81.07182879,3.534818165,4.806643197,19.79345492,0.31716227,306.3787541,2.05338467,Formalin-Mixed
litchi_formalin (330),77.28969766,3.596327605,4.906874148,17.44499878,0.492452444,293.8133644,4.248486516,Formalin-Mixed
litchi_formalin (331),77.30343972,3.415788902,4.513142386,18.07458516,0.511966312,435.2265678,3.922073803,Formalin-Mixed
litchi_formalin (332),79.18735715,3.299991471,4.725310524,19.11638102,0.58526308,364.3419304,2.188016404,Formalin-Mixed
litchi_formalin (333),76.28494036,3.048533451,4.879277614,18.24831255,0.399402987,270.9379137,4.894212679,Formalin-Mixed
litchi_formalin (334),76.99422047,3.744280939,4.773072235,19.97393409,0.446334206,288.6072324,2.067864671,Formalin-Mixed
litchi_formalin (335),77.91642295,3.746093462,4.825738044,17.82285346,0.333950517,449.7652119,3.769881939,Formalin-Mixed
litchi_formalin (336),77.47546504,3.67072574,4.758338196,18.85577084,0.471271717,289.1217993,4.329102385,Formalin-Mixed
litchi_formalin (337),78.67414053,3.643633788,4.995937272,19.17036456,0.385353394,372.0951023,4.363688939,Formalin-Mixed
litchi_formalin (338),79.19748101,3.243717132,4.527310768,17.97640166,0.375060946,334.0256158,2.102855407,Formalin-Mixed
litchi_formalin (339),78.96667218,3.022344934,4.745522411,19.42793522,0.542187012,427.119819,4.719245398,Formalin-Mixed
litchi_formalin (340),79.57917818,3.808715397,4.545708275,18.18461836,0.220067537,401.0337185,4.755355016,Formalin-Mixed
litchi_formalin (341),77.15424662,3.491138536,4.579892781,17.64660319,0.552784971,369.3902793,3.684171119,Formalin-Mixed
litchi_formalin (342),75.88498359,3.306838131,4.691519175,16.4312947,0.540827935,252.1477964,3.446249597,Formalin-Mixed
litchi_formalin (343),80.32565279,3.101931907,4.577770046,17.57365431,0.402546501,425.9590415,2.134602389,Formalin-Mixed
litchi_formalin (344),80.95546268,3.062721591,4.981843583,18.93574582,0.396081142,338.9334942,3.685862428,Formalin-Mixed
litchi_formalin (345),76.79904363,3.348866722,4.973394888,19.68514565,0.344722947,436.3155306,3.228137245,Formalin-Mixed
litchi_formalin (346),77.84964369,3.804737065,4.668054823,17.00671762,0.597669517,349.1078026,4.318419222,Formalin-Mixed
litchi_formalin (347),78.48998452,3.918723749,4.819873856,17.42094207,0.244467733,388.8448978,3.211650701,Formalin-Mixed
litchi_formalin (348),78.7332879,3.896751365,4.76687666,16.61584398,0.436086094,263.8585299,4.0507425,Formalin-Mixed
litchi_formalin (349),79.6164312,3.920000835,4.90779349,18.76289158,0.472672636,399.0303307,2.304224439,Formalin-Mixed
litchi_formalin (350),75.29122263,3.907725343,4.813722805,19.84075372,0.573732003,317.5992063,2.398856812,Formalin-Mixed
litchi_formalin (351),80.05033958,3.527224752,4.500126227,18.56380888,0.512081399,320.2718029,2.419130572,Formalin-Mixed
litchi_formalin (352),75.43379705,3.219415639,4.881587193,18.46830612,0.457538881,273.7311689,2.136576499,Formalin-Mixed
litchi_formalin (353),78.27801997,3.798046583,4.873424061,18.21395972,0.246724927,279.3714297,3.623986578,Formalin-Mixed
litchi_formalin (354),80.79369795,3.213712975,4.754861353,16.35382296,0.349493407,287.1518112,4.381903178,Formalin-Mixed
litchi_formalin (355),78.15850719,3.267207277,4.951459487,18.91801531,0.255536657,315.6412337,3.831233611,Formalin-Mixed
litchi_formalin (356),76.04362824,3.233254322,4.954223103,18.40819817,0.552485093,428.3939826,3.724864657,Formalin-Mixed
litchi_formalin (357),81.89523692,3.514982404,4.761955838,18.64590708,0.499848462,323.6520476,4.041871785,Formalin-Mixed
litchi_formalin (358),81.22499823,3.321827508,4.803994116,19.59524437,0.503014715,394.8725413,3.018935969,Formalin-Mixed
litchi_formalin (359),80.39919543,3.15415605,4.998261036,19.13584315,0.460902607,266.5495008,3.085862215,Formalin-Mixed
litchi_formalin (360),77.88058122,3.453173412,4.649410117,19.12366101,0.402817415,368.2197599,2.942810295,Formalin-Mixed
litchi_formalin (361),76.28692009,3.873907239,4.662308621,19.70873508,0.259988424,346.3782463,4.136326799,Formalin-Mixed
litchi_formalin (362),81.58987827,3.570552855,4.591386951,19.95973981,0.331877955,445.5915894,2.484921007,Formalin-Mixed
litchi_formalin (363),78.72645789,3.878335606,4.94793347,18.32513093,0.254766317,419.241554,2.039075841,Formalin-Mixed
litchi_formalin (364),80.96648822,3.195872185,4.872244195,16.43552646,0.489965257,340.9659545,3.78858934,Formalin-Mixed
litchi_formalin (365),77.39466504,3.166973874,4.552821424,17.83651963,0.26409151,405.0285528,4.827144094,Formalin-Mixed
litchi_formalin (366),77.34701822,3.575577126,4.990883676,19.15040459,0.48084542,288.6077483,3.828223751,Formalin-Mixed
litchi_formalin (367),81.89878336,3.463328902,4.865480854,16.1109013,0.476902156,362.4672655,4.348764959,Formalin-Mixed
litchi_formalin (368),78.65283134,3.660172642,4.925261055,16.22754975,0.383721792,264.9238111,4.018372128,Formalin-Mixed
litchi_formalin (369),75.98486797,3.794626791,4.524075395,16.26863113,0.254091462,319.6178065,3.492309961,Formalin-Mixed
litchi_formalin (370),76.53772275,3.751307296,4.752480459,18.92414303,0.32592033,295.1724363,4.155177205,Formalin-Mixed
litchi_formalin (371),78.37360996,3.942261174,4.849299143,18.00466651,0.328037244,393.7819631,4.472312372,Formalin-Mixed
litchi_formalin (372),75.29729637,3.398256409,4.771473292,17.47559177,0.480154053,348.0181382,2.674194933,Formalin-Mixed
litchi_formalin (373),78.2377379,3.206386742,4.833323733,16.42246818,0.245497208,400.2140958,3.008391441,Formalin-Mixed
litchi_formalin (374),77.93258589,3.55091264,4.908937032,18.928961,0.531627458,353.0590875,2.671177198,Formalin-Mixed
litchi_formalin (375),80.45535386,3.11074312,4.687168531,17.28407924,0.504402916,267.2968884,3.356518867,Formalin-Mixed
litchi_formalin (376),77.48459375,3.288851123,4.924334338,17.06129628,0.274522767,397.0735299,4.655193653,Formalin-Mixed
litchi_formalin (377),81.87784133,3.207888055,4.581458052,18.60927681,0.487665753,416.6458528,3.035621303,Formalin-Mixed
litchi_formalin (378),76.26538944,3.396563717,4.635443028,18.23604357,0.467405273,430.7062452,3.123400667,Formalin-Mixed
litchi_formalin (379),79.13690679,3.111216575,4.52167281,17.44964257,0.49924832,364.3983891,4.581101704,Formalin-Mixed
litchi_formalin (380),75.62789508,3.031841745,4.682213406,18.56594988,0.275571422,400.7170718,3.546122992,Formalin-Mixed
litchi_formalin (381),80.13704789,3.656794005,4.689954772,17.08488608,0.263036129,400.4088674,3.606346999,Formalin-Mixed
litchi_formalin (382),81.96327582,3.610248978,4.902635299,19.17932105,0.294593594,281.149952,4.58240361,Formalin-Mixed
litchi_formalin (383),80.73397046,3.708358936,4.826565335,16.9172758,0.346348681,282.8441375,3.471580211,Formalin-Mixed
litchi_formalin (384),78.88992479,3.66038644,4.718361279,16.63535078,0.517465992,264.1771012,4.044672604,Formalin-Mixed
litchi_formalin (385),78.3931895,3.114294681,4.826056989,19.12975764,0.495169575,313.982727,2.256933998,Formalin-Mixed
litchi_formalin (386),80.84520973,3.291078881,4.526391675,18.83156812,0.570180637,344.7017175,2.535895139,Formalin-Mixed
litchi_formalin (387),81.55181859,3.12952661,4.590135768,16.7305559,0.223451824,449.5795706,3.213128602,Formalin-Mixed
litchi_formalin (388),81.92444568,3.842972402,4.813473928,16.46498301,0.204622512,336.1986684,3.484517203,Formalin-Mixed
litchi_formalin (389),77.77577459,3.746903655,4.82068341,19.35359635,0.479655532,395.2485177,4.897201104,Formalin-Mixed
litchi_formalin (390),81.93642232,3.201527003,4.887067329,19.10639393,0.311714998,388.6794053,4.911954899,Formalin-Mixed
litchi_formalin (391),76.09148377,3.34130924,4.70149988,17.30902949,0.333631558,290.8963901,4.553591262,Formalin-Mixed
litchi_formalin (392),76.77484843,3.966614992,4.861277048,18.63278963,0.41872081,261.7014303,2.946796506,Formalin-Mixed
litchi_formalin (393),75.62311287,3.594159358,4.841990166,16.49664075,0.240965249,359.2013503,4.892084872,Formalin-Mixed
litchi_formalin (394),76.90216962,3.801155597,4.981696689,18.02819064,0.457077767,390.0611185,4.068022594,Formalin-Mixed
litchi_formalin (395),80.37556286,3.264591035,4.607565113,16.07492117,0.330058978,449.650358,3.178820383,Formalin-Mixed
litchi_formalin (396),80.97047051,3.21005292,4.775839782,17.56640752,0.45308605,321.7222105,4.105024751,Formalin-Mixed
litchi_formalin (397),80.45224852,3.783916929,4.800882221,16.29937129,0.533602765,429.2729124,2.049568189,Formalin-Mixed
litchi_formalin (398),79.41746045,3.685872455,4.999323942,17.90058872,0.268444533,326.3864912,2.438464047,Formalin-Mixed
litchi_formalin (399),78.59776559,3.680977929,4.600592071,17.68672659,0.572349237,387.8823417,4.489057135,Formalin-Mixed
litchi_formalin (400),79.96093002,3.552634582,4.76160901,17.77754011,0.412275256,369.6505861,3.936720911,Formalin-Mixed
litchi_formalin (401),77.73583484,3.563578343,4.673092654,16.18132521,0.569171106,260.5957587,3.092584104,Formalin-Mixed
litchi_formalin (402),80.88915846,3.735697505,4.762946484,17.44646537,0.283092033,265.6776854,3.501999921,Formalin-Mixed
litchi_formalin (403),79.74033066,3.270002481,4.616064301,19.0259354,0.441825066,254.1528179,4.715426449,Formalin-Mixed
litchi_formalin (404),79.88463289,3.352768466,4.523806189,17.47565749,0.361554847,324.1668169,3.894734328,Formalin-Mixed
litchi_formalin (405),78.75155195,3.871636771,4.786282727,18.86068781,0.509688876,399.1602098,3.194447852,Formalin-Mixed
litchi_formalin (406),81.19660289,3.308865201,4.667927158,17.47791489,0.442363577,284.5510788,2.360979972,Formalin-Mixed
litchi_formalin (407),76.76410314,3.546309571,4.590970701,17.69295777,0.397806183,371.1705937,2.881240405,Formalin-Mixed
litchi_formalin (408),77.66803357,3.702639464,4.661967783,18.25556845,0.565194163,307.765556,4.935020698,Formalin-Mixed
litchi_formalin (409),80.44349799,3.999924827,4.524640101,19.80272775,0.350846826,409.3985248,3.312089189,Formalin-Mixed
litchi_formalin (410),78.44924227,3.435291331,4.975221117,16.43544179,0.287992082,409.6792298,3.415518392,Formalin-Mixed
litchi_formalin (411),81.22449809,3.428092877,4.790573957,16.13165507,0.443240475,405.082903,3.495794097,Formalin-Mixed
litchi_formalin (412),77.42479524,3.842588379,4.907384341,18.43182874,0.449611375,354.9667028,4.652312069,Formalin-Mixed
litchi_formalin (413),77.58531118,3.805503111,4.711559099,19.79638836,0.375637849,306.913342,3.811784853,Formalin-Mixed
litchi_formalin (414),81.22115053,3.731075882,4.951657334,19.95889253,0.394644017,411.8888088,4.081031109,Formalin-Mixed
litchi_formalin (415),78.25059224,3.463229637,4.741659111,17.93665699,0.583821366,287.2201124,3.168240628,Formalin-Mixed
litchi_formalin (416),78.61287209,3.32393912,4.786972661,17.87232648,0.493074277,307.9519204,2.087262856,Formalin-Mixed
litchi_formalin (417),77.32934601,3.608730483,4.74589699,18.57985508,0.244240701,286.7895412,4.792918743,Formalin-Mixed
litchi_formalin (418),76.9366896,3.876223293,4.866639148,18.22253903,0.284852028,384.8420321,4.847383043,Formalin-Mixed
litchi_formalin (419),79.59164098,3.883777458,4.783328039,18.53635223,0.590230654,387.2472056,4.84745916,Formalin-Mixed
litchi_formalin (420),75.83888463,3.108498345,4.635799462,19.4959977,0.490586222,380.5019986,4.83106126,Formalin-Mixed
litchi_formalin (421),81.15490849,3.428350284,4.572769766,18.98522468,0.56601805,333.1202934,4.445725823,Formalin-Mixed
litchi_formalin (422),80.45442196,3.464721956,4.803062194,17.98750957,0.321544586,270.0342014,4.05378815,Formalin-Mixed
litchi_formalin (423),76.33523785,3.977615368,4.744589981,17.84745784,0.496746744,432.2339169,4.533529755,Formalin-Mixed
litchi_formalin (424),79.85813962,3.677998015,4.547987848,18.55840699,0.485601083,351.5461928,3.801638717,Formalin-Mixed
litchi_formalin (425),79.21843045,3.407246417,4.697808733,17.82282514,0.317875994,331.394439,2.403108842,Formalin-Mixed
litchi_formalin (426),76.29174536,3.026057886,4.757388211,17.83111741,0.42032653,367.7649786,3.173654495,Formalin-Mixed
litchi_formalin (427),76.91242454,3.56538516,4.913446617,16.06522361,0.450966045,288.5580872,4.913884736,Formalin-Mixed
litchi_formalin (428),77.86290553,3.096075976,4.538050528,16.69625655,0.392452724,276.5097558,3.053413441,Formalin-Mixed
litchi_formalin (429),79.89469915,3.834449957,4.674247674,17.95405456,0.530871483,331.1050443,4.603483741,Formalin-Mixed
litchi_formalin (430),79.47106386,3.752518661,4.911328061,19.29061384,0.533147617,295.4441388,2.279634412,Formalin-Mixed
litchi_formalin (431),78.72564393,3.46050916,4.824211966,17.11490803,0.540240219,298.8580589,3.002551527,Formalin-Mixed
litchi_formalin (432),80.3788738,3.42921078,4.644979161,18.09057373,0.521369428,428.5022976,3.052859974,Formalin-Mixed
litchi_formalin (433),80.30556418,3.897338966,4.922667561,17.37984834,0.395233391,356.1518354,2.154807629,Formalin-Mixed
litchi_formalin (434),79.32501408,3.28845835,4.74664679,16.41921596,0.352575319,346.6938129,2.357282991,Formalin-Mixed
litchi_formalin (435),80.50893058,3.249019962,4.749175946,19.83319393,0.532550513,387.8959187,2.579495633,Formalin-Mixed
litchi_formalin (436),77.33984362,3.939197433,4.98829367,19.41869548,0.396080583,440.3096227,4.513446772,Formalin-Mixed
litchi_formalin (437),81.1687467,3.809245837,4.973558252,16.3139697,0.298548559,272.4397129,2.19020597,Formalin-Mixed
litchi_formalin (438),79.3043706,3.820625593,4.679266342,18.87914905,0.402937413,416.7069134,2.896102704,Formalin-Mixed
litchi_formalin (439),80.7565446,3.195193814,4.570289564,17.39031962,0.256739929,366.803836,2.030525008,Formalin-Mixed
litchi_formalin (440),78.82395373,3.143295991,4.662833366,19.97939923,0.476651796,279.2330708,4.086883236,Formalin-Mixed
litchi_formalin (441),76.52906771,3.02602955,4.51524163,17.20959408,0.334368513,309.4298637,3.86090927,Formalin-Mixed
litchi_formalin (442),78.7968709,3.237041509,4.510383943,16.95495378,0.304263519,346.4722833,3.934946786,Formalin-Mixed
litchi_formalin (443),77.59778165,3.774190492,4.697761068,18.27156219,0.582603498,388.2354289,3.123148354,Formalin-Mixed
litchi_formalin (444),79.88249325,3.240038419,4.970509911,19.34050465,0.510752398,298.5214034,2.624803464,Formalin-Mixed
litchi_formalin (445),78.33055654,3.729103284,4.935678671,16.77007549,0.514827801,356.9757631,4.16096064,Formalin-Mixed
litchi_formalin (446),80.85278963,3.251908265,4.755721417,18.83761108,0.449488788,386.9343255,4.433353618,Formalin-Mixed
litchi_formalin (447),79.74650759,3.395292498,4.782613191,16.24562633,0.535669124,339.7481502,2.415804494,Formalin-Mixed
litchi_formalin (448),79.79181103,3.98316229,4.502966748,19.67573897,0.503664992,422.6051922,3.460488284,Formalin-Mixed
litchi_formalin (449),76.52008733,3.244811731,4.607750578,16.32429966,0.439509482,423.8918206,2.746147046,Formalin-Mixed
litchi_formalin (450),81.88974837,3.376370627,4.512387063,19.65692551,0.584449761,344.1382435,2.504320584,Formalin-Mixed
litchi_formalin (451),80.89172646,3.30108718,4.877269766,17.963229,0.27663798,444.5851421,4.20297594,Formalin-Mixed
litchi_formalin (452),80.52303419,3.109624986,4.572822898,17.79236445,0.577351888,265.1170185,3.614290806,Formalin-Mixed
litchi_formalin (453),77.31150658,3.489894142,4.934523551,19.89322832,0.360575265,250.6724757,2.648555997,Formalin-Mixed
litchi_formalin (454),78.74942157,3.378690663,4.821662157,19.96153671,0.411359593,326.1336528,2.930000034,Formalin-Mixed
litchi_formalin (455),75.95972232,3.694887086,4.614709338,18.6007125,0.249095728,370.2194123,4.899961014,Formalin-Mixed
litchi_formalin (456),78.76933184,3.817594547,4.578860159,16.50847717,0.416042976,375.8400315,4.546038694,Formalin-Mixed
litchi_formalin (457),76.02122473,3.544249714,4.81381235,18.02468034,0.444482701,345.2891473,4.639840229,Formalin-Mixed
litchi_formalin (458),78.87126491,3.032196422,4.95041849,18.1166524,0.599080617,274.9766626,3.380036291,Formalin-Mixed
litchi_formalin (459),79.54105316,3.618922356,4.859180109,18.05778571,0.590076964,284.0995044,3.871421792,Formalin-Mixed
litchi_formalin (460),77.73137177,3.05539073,4.674273326,18.27796735,0.586558917,420.4295968,3.130303221,Formalin-Mixed
litchi_formalin (461),78.48981415,3.616356324,4.793691798,16.07489886,0.339355224,423.5822263,2.233135927,Formalin-Mixed
litchi_formalin (462),81.12957371,3.685029949,4.655380848,18.84490913,0.596506599,384.7797076,3.203207932,Formalin-Mixed
litchi_formalin (463),75.75994201,3.197767628,4.999574783,18.84957721,0.382191261,382.8435945,3.78194226,Formalin-Mixed
litchi_formalin (464),80.54213025,3.819346149,4.874419594,16.4618791,0.540734504,369.5364256,2.861432812,Formalin-Mixed
litchi_formalin (465),76.19528186,3.911085132,4.80719082,18.28095777,0.286527988,290.5851771,4.543851724,Formalin-Mixed
litchi_formalin (466),75.25695588,3.813086964,4.711629571,18.27344473,0.402333272,335.6501401,2.453300478,Formalin-Mixed
litchi_formalin (467),76.29902222,3.30510919,4.809076145,18.72980168,0.586404838,389.1789303,3.101387268,Formalin-Mixed
litchi_formalin (468),80.35530233,3.586643012,4.670808031,16.34159077,0.578812559,357.4504544,2.374711716,Formalin-Mixed
litchi_formalin (469),77.83588251,3.914815149,4.51443242,18.50601323,0.473493951,253.7160668,3.214496402,Formalin-Mixed
litchi_formalin (470),81.10764362,3.320664726,4.697544261,17.1230078,0.519125729,440.7113613,2.118983915,Formalin-Mixed
litchi_formalin (471),78.67295279,3.820027822,4.96524041,18.02801196,0.270570679,418.9632105,2.817648185,Formalin-Mixed
litchi_formalin (472),75.15575246,3.009475131,4.813150547,19.09329421,0.48866342,302.1090028,3.202205765,Formalin-Mixed
litchi_formalin (473),80.01699527,3.003646703,4.541977852,18.82258375,0.447220323,373.291787,3.43449609,Formalin-Mixed
litchi_formalin (474),75.77163036,3.75971166,4.942496807,16.47561207,0.236620694,434.6478767,3.631089075,Formalin-Mixed
litchi_formalin (475),80.52565743,3.761447582,4.634437425,18.36473915,0.245263603,269.2022024,2.824973389,Formalin-Mixed
litchi_formalin (476),76.17671785,3.788977188,4.621884747,19.87646612,0.243377447,350.6058962,3.569124004,Formalin-Mixed
litchi_formalin (477),77.4181247,3.930026838,4.648545484,16.62707775,0.489742774,341.2486052,3.527013865,Formalin-Mixed
litchi_formalin (478),80.32890001,3.117906312,4.788601118,19.41162835,0.256686083,332.0410011,2.948534153,Formalin-Mixed
litchi_formalin (479),81.6796195,3.231984985,4.772344047,18.81019232,0.387092908,417.1177218,4.490600992,Formalin-Mixed
litchi_formalin (480),77.60003765,3.90372492,4.745706877,19.09601325,0.342792722,326.1292293,3.63692338,Formalin-Mixed
litchi_formalin (481),80.80580154,3.177236198,4.858768432,17.12783331,0.420201656,262.7326666,2.996809156,Formalin-Mixed
litchi_formalin (482),76.33554586,3.682229268,4.658268866,17.15155572,0.482590595,263.1675484,4.842015536,Formalin-Mixed
litchi_formalin (483),80.65025839,3.530463,4.891032261,19.62407782,0.473889015,258.5489213,4.535337239,Formalin-Mixed
litchi_formalin (484),79.60245841,3.083193677,4.587660839,17.43932813,0.406207966,331.8290844,4.947763435,Formalin-Mixed
litchi_formalin (485),76.34920455,3.285263662,4.891310395,16.25206156,0.385733949,393.6812555,4.076701624,Formalin-Mixed
litchi_formalin (486),77.11752772,3.520372216,4.831905053,18.40238681,0.359126238,290.7444924,3.134668717,Formalin-Mixed
litchi_formalin (487),75.92239622,3.852350117,4.841604155,16.49927068,0.544763979,379.2937041,2.842582,Formalin-Mixed
litchi_formalin (488),77.68076908,3.70753849,4.740776699,19.18638497,0.332340722,387.4176944,3.989953531,Formalin-Mixed
litchi_formalin (489),76.42554049,3.621883161,4.833500766,18.56698577,0.303746328,301.0404248,4.942449747,Formalin-Mixed
litchi_formalin (490),79.50798568,3.49603289,4.539898523,19.49890602,0.497326197,370.1115312,3.88014524,Formalin-Mixed
litchi_formalin (491),81.96153573,3.298683984,4.925775559,19.139349,0.343905385,386.973668,4.644844823,Formalin-Mixed
litchi_formalin (492),75.08406414,3.119244911,4.527773617,16.44845459,0.53879944,343.3227246,2.987310293,Formalin-Mixed
litchi_formalin (493),78.78643869,3.409076035,4.574370755,17.52428271,0.331155487,317.3433195,3.220861347,Formalin-Mixed
litchi_formalin (494),79.01566618,3.028518494,4.788394854,19.098241,0.48077793,373.8303103,4.718825719,Formalin-Mixed
litchi_formalin (495),81.39946153,3.211055889,4.869705728,17.66936589,0.218043603,445.5694175,4.270600106,Formalin-Mixed
litchi_formalin (496),78.54203734,3.432483376,4.538125782,19.88946194,0.354225152,335.3682819,4.944230961,Formalin-Mixed
litchi_formalin (497),78.80590994,3.418605186,4.960382407,18.9429618,0.33729207,328.3470193,4.324292629,Formalin-Mixed
litchi_formalin (498),78.30156961,3.044295431,4.986803824,16.06199967,0.526671496,342.8533805,3.345547122,Formalin-Mixed
litchi_formalin (499),76.88233013,3.589060154,4.802975087,19.51994277,0.586822161,265.2436787,3.593204059,Formalin-Mixed
litchi_formalin (500),75.39220393,3.549684256,4.740621728,16.40321914,0.384352511,360.6326559,4.701546477,Formalin-Mixed
litchi_formalin (501),77.86060378,3.078104304,4.870697486,16.5620949,0.529934511,315.7394774,3.654940208,Formalin-Mixed
litchi_formalin (502),75.3681403,3.943163052,4.664178676,18.9379696,0.47987788,274.2844245,2.766192122,Formalin-Mixed
litchi_formalin (503),78.85344729,3.099382779,4.746632217,19.45987424,0.586954395,343.2513482,3.306859438,Formalin-Mixed
litchi_formalin (504),77.1510555,3.854834151,4.958075513,18.14539851,0.524443406,250.6767973,3.548947967,Formalin-Mixed
litchi_formalin (505),78.73521681,3.000309732,4.977827713,17.15619893,0.230991226,330.357049,2.290159501,Formalin-Mixed
litchi_formalin (506),75.94007875,3.882281095,4.963534558,17.40526218,0.485312689,271.1470536,4.231288023,Formalin-Mixed
litchi_formalin (507),81.52840976,3.019719732,4.631224033,17.37155732,0.414199886,254.8585407,2.3280618,Formalin-Mixed
litchi_formalin (508),81.2616487,3.757812032,4.61623452,17.30671242,0.206574423,414.8950092,3.21475314,Formalin-Mixed
litchi_formalin (509),76.32997556,3.361690811,4.648832253,16.97163869,0.300525183,433.2497607,4.413867325,Formalin-Mixed
litchi_formalin (510),77.40410998,3.7382168,4.720655556,18.43546838,0.568702098,291.5349297,3.402711085,Formalin-Mixed
litchi_formalin (511),79.2944494,3.401745205,4.657083706,19.60162127,0.570424549,357.8596528,4.526046559,Formalin-Mixed
litchi_formalin (512),75.66980345,3.070907922,4.687106398,17.22832965,0.519540184,305.5916314,3.025643966,Formalin-Mixed
litchi_formalin (513),77.48197475,3.767506695,4.810318476,16.74677719,0.592711841,348.7154877,4.872908882,Formalin-Mixed
litchi_formalin (514),76.75778601,3.071252685,4.881262839,19.35431067,0.52261809,337.3262642,2.628405295,Formalin-Mixed
litchi_formalin (515),81.4086171,3.922120436,4.867779099,18.96713332,0.204081675,303.810211,2.114792435,Formalin-Mixed
litchi_formalin (516),80.96757445,3.050974036,4.907211784,19.72334813,0.315133736,390.0787159,4.617279629,Formalin-Mixed
litchi_formalin (517),79.05882919,3.479325278,4.516092202,16.66207894,0.212249673,275.2981919,4.256608148,Formalin-Mixed
litchi_formalin (518),78.64242436,3.723034431,4.523866895,16.57700526,0.237643187,260.6145564,2.695951511,Formalin-Mixed
litchi_formalin (519),81.51508056,3.393246465,4.89469148,18.16571758,0.287536327,403.5350866,4.954224821,Formalin-Mixed
litchi_formalin (520),81.52699448,3.217233475,4.766539411,18.45773462,0.401423419,383.1860062,3.506840388,Formalin-Mixed
litchi_formalin (521),81.78531088,3.759090961,4.789070337,17.92069377,0.539012801,349.7052248,4.85319632,Formalin-Mixed
litchi_formalin (522),75.87765219,3.784294705,4.52629343,18.39586655,0.544786702,343.5579541,3.515086314,Formalin-Mixed
litchi_formalin (523),76.12390468,3.922694984,4.627656901,16.72151908,0.446480743,349.4822759,3.41562376,Formalin-Mixed
litchi_formalin (524),79.73715689,3.37616511,4.819177152,17.91845502,0.571270376,337.4048152,3.347415611,Formalin-Mixed
litchi_formalin (525),78.79004134,3.506251734,4.929590945,18.63237024,0.400024931,328.5784592,3.004625828,Formalin-Mixed
litchi_formalin (526),75.12926133,3.363128443,4.958491699,17.7308258,0.555614418,349.9381206,3.601104492,Formalin-Mixed
litchi_formalin (527),75.43382525,3.257081822,4.750209748,18.71778934,0.381626103,355.7030342,3.357663986,Formalin-Mixed
litchi_formalin (528),81.21656268,3.751032962,4.772737116,17.80476512,0.310890003,388.3804628,2.11024063,Formalin-Mixed
litchi_formalin (529),81.08209557,3.339651845,4.916524816,17.33439832,0.566565167,392.2414321,2.7813057,Formalin-Mixed
litchi_formalin (530),77.50089645,3.428149442,4.7688123,17.21442019,0.35517403,325.525816,2.6393684,Formalin-Mixed
litchi_formalin (531),81.23735432,3.403673658,4.758429263,17.64360824,0.401361644,332.7081045,4.602306807,Formalin-Mixed
litchi_formalin (532),79.15572552,3.712661226,4.952542019,16.09235849,0.331544253,324.7394339,3.796609932,Formalin-Mixed
litchi_formalin (533),80.64133953,3.917795626,4.894966361,18.67410055,0.46513504,357.3071547,4.291049301,Formalin-Mixed
litchi_formalin (534),77.9920175,3.666756061,4.954536263,19.38042256,0.59801249,340.6707076,4.870478113,Formalin-Mixed
litchi_formalin (535),75.79378829,3.471582596,4.609123527,17.41850838,0.21020542,427.9192926,3.932117818,Formalin-Mixed
litchi_formalin (536),78.03608944,3.779205115,4.762187743,16.18413254,0.559939202,389.2722534,4.947829974,Formalin-Mixed
litchi_formalin (537),78.20109859,3.640971324,4.921236064,19.94710239,0.201570423,429.7312768,2.935292155,Formalin-Mixed
litchi_formalin (538),78.85660936,3.060610357,4.555573914,17.05479302,0.345691152,391.8273983,2.558801547,Formalin-Mixed
litchi_formalin (539),75.73907899,3.095663586,4.897331077,16.50648449,0.267442723,444.1984297,3.209929664,Formalin-Mixed
litchi_formalin (540),81.93981304,3.037916944,4.591486692,17.47901003,0.502936712,377.1473557,3.412398245,Formalin-Mixed
litchi_formalin (541),76.70895775,3.456816326,4.904059377,18.95422816,0.220244336,442.7100276,4.686084629,Formalin-Mixed
litchi_formalin (542),76.38986682,3.825853434,4.806000469,17.17566639,0.421393981,281.6339781,3.679821317,Formalin-Mixed
litchi_formalin (543),78.68762043,3.313083169,4.596617996,18.29881282,0.317970454,260.4955362,2.876542998,Formalin-Mixed
litchi_formalin (544),78.76045726,3.384160183,4.73667709,17.66223998,0.2534681,365.825037,4.227902849,Formalin-Mixed
litchi_formalin (545),78.07874516,3.909477108,4.840952583,16.47105597,0.508727285,446.6986412,3.517495811,Formalin-Mixed
litchi_formalin (546),80.40324502,3.836903445,4.81692645,17.32114805,0.286966734,333.5210495,2.486395836,Formalin-Mixed
litchi_formalin (547),78.61658081,3.665048112,4.713623598,18.89948202,0.289470085,292.4086724,3.730459363,Formalin-Mixed
litchi_formalin (548),79.26786819,3.266803782,4.949683264,18.44801559,0.310030714,354.3082898,4.73418361,Formalin-Mixed
litchi_formalin (549),80.0662247,3.117041483,4.759631707,16.47911352,0.434706706,379.7597249,4.527867852,Formalin-Mixed
litchi_formalin (550),75.17517571,3.016058823,4.752933649,16.65328964,0.463866373,313.0357391,3.760429918,Formalin-Mixed
litchi_formalin (551),78.99450928,3.107010673,4.531125295,18.56293344,0.207041009,392.9538717,3.131249522,Formalin-Mixed
litchi_formalin (552),81.1893613,3.292596444,4.961060195,19.25366166,0.296747854,445.0229014,2.260936253,Formalin-Mixed
litchi_formalin (553),75.1217212,3.551790064,4.588558284,17.39789798,0.372388337,429.3926243,3.40894677,Formalin-Mixed
litchi_formalin (554),77.83627473,3.064000083,4.764172347,18.38124301,0.332790781,308.3170747,4.256238313,Formalin-Mixed
litchi_formalin (555),81.48359215,3.136227778,4.901783801,16.68257436,0.553668263,315.3447366,3.080821159,Formalin-Mixed
litchi_formalin (556),77.47208082,3.181080702,4.607726638,17.24550535,0.515083492,324.3082449,2.706340477,Formalin-Mixed
litchi_formalin (557),78.21110177,3.631982093,4.763686645,16.08108082,0.450356086,328.9105557,4.794139158,Formalin-Mixed
litchi_formalin (558),81.87078975,3.615789799,4.620342455,19.07310379,0.335216966,270.0638998,4.464667101,Formalin-Mixed
litchi_formalin (559),76.39526701,3.550765726,4.879847499,17.60403928,0.480268938,402.3925678,3.914826858,Formalin-Mixed
litchi_formalin (560),75.45678632,3.250501425,4.782170584,19.26450229,0.537455205,323.0678527,2.410350032,Formalin-Mixed
litchi_formalin (561),81.01595814,3.371119691,4.92798793,18.83349198,0.437932151,425.9639953,2.434726521,Formalin-Mixed
litchi_formalin (562),81.07925739,3.096689716,4.947279001,19.31497706,0.513784587,435.3881246,2.309658774,Formalin-Mixed
litchi_formalin (563),78.30454484,3.226460604,4.824366741,17.14263468,0.499641985,254.8862619,3.848890001,Formalin-Mixed
litchi_formalin (564),78.59945022,3.897705226,4.862695623,16.74043492,0.428694924,447.700614,2.346688389,Formalin-Mixed
litchi_formalin (565),80.85064459,3.979691746,4.77461005,19.88762273,0.324873287,392.0045463,4.527881597,Formalin-Mixed
litchi_formalin (566),80.16991649,3.647659586,4.692214367,18.86931115,0.498312863,354.0784452,4.978895005,Formalin-Mixed
litchi_formalin (567),76.85604302,3.916823292,4.824058962,19.33616907,0.282718547,327.9055217,3.099044554,Formalin-Mixed
litchi_formalin (568),75.11825349,3.6427419,4.954144312,16.05253349,0.511795339,353.7036265,3.361009541,Formalin-Mixed
litchi_formalin (569),78.35790114,3.033196486,4.70834019,17.41784648,0.521818677,314.9249448,4.135001531,Formalin-Mixed
litchi_formalin (570),81.01238628,3.996762585,4.657205013,18.97126676,0.528857952,374.5375627,4.811459019,Formalin-Mixed
litchi_formalin (571),81.27084274,3.098952302,4.694218469,16.31193133,0.389166388,268.5960553,4.682281321,Formalin-Mixed
litchi_formalin (572),81.69358338,3.682641801,4.717698815,18.26935972,0.276992307,374.2245206,2.172775486,Formalin-Mixed
litchi_formalin (573),81.15694266,3.252836203,4.536780514,17.71629107,0.23988944,305.06897,2.507215408,Formalin-Mixed
litchi_formalin (574),79.06030489,3.391981113,4.74922092,16.07046603,0.4973445,253.5269658,4.263791596,Formalin-Mixed
litchi_formalin (575),78.11223919,3.645934185,4.747157124,16.94390231,0.554504554,360.5411532,4.066679324,Formalin-Mixed
litchi_formalin (576),80.42394893,3.436487349,4.794221914,17.13916796,0.460335344,365.6895512,2.399655782,Formalin-Mixed
litchi_formalin (577),80.17875144,3.250546059,4.681410015,16.44743979,0.257664024,335.3138009,3.506193746,Formalin-Mixed
litchi_formalin (578),78.76700401,3.334446187,4.806553798,18.52614764,0.573958579,264.4572465,4.342443893,Formalin-Mixed
litchi_formalin (579),75.61129161,3.341548117,4.939108155,16.96959151,0.595640806,428.6685906,2.656342047,Formalin-Mixed
litchi_formalin (580),81.48256943,3.959323905,4.977735495,17.110478,0.373351444,372.2861614,4.613862907,Formalin-Mixed
litchi_formalin (581),78.18921776,3.798613016,4.791806108,19.59295439,0.437930116,273.1426599,2.158915324,Formalin-Mixed
litchi_formalin (582),77.54333647,3.458548771,4.521295477,17.86849237,0.510891408,352.1861153,4.346585255,Formalin-Mixed
litchi_formalin (583),79.40697177,3.19982092,4.984617999,17.56851259,0.494555916,349.4508632,3.847456699,Formalin-Mixed
litchi_formalin (584),79.71686573,3.81101611,4.85293103,18.89548415,0.587114877,262.0803738,2.94559804,Formalin-Mixed
litchi_formalin (585),76.47481542,3.157182472,4.667981824,19.63845519,0.245953236,371.3719407,4.162797645,Formalin-Mixed
litchi_formalin (586),80.85857191,3.210462217,4.57357885,16.10014534,0.432289946,411.6652798,4.347097385,Formalin-Mixed
litchi_formalin (587),77.02955966,3.366013392,4.571709306,17.79295539,0.476772568,399.8016108,4.801696914,Formalin-Mixed
litchi_formalin (588),76.30678748,3.880348196,4.583872203,18.44312542,0.55603937,290.5938828,3.103324016,Formalin-Mixed
litchi_formalin (589),77.84479897,3.131786669,4.522786261,17.27425239,0.549643851,422.4585059,4.058050208,Formalin-Mixed
litchi_formalin (590),80.11392057,3.122234193,4.951077094,19.08963089,0.591199917,318.5084331,3.807848831,Formalin-Mixed
litchi_formalin (591),81.75820725,3.493974988,4.770384116,19.88590828,0.404831382,439.3016757,3.575618208,Formalin-Mixed
litchi_formalin (592),80.66496885,3.276410541,4.849979706,19.77370947,0.532304347,264.3495928,4.671249422,Formalin-Mixed
litchi_formalin (593),81.58243864,3.568727942,4.914054255,17.06393016,0.370912683,347.2417377,2.009501942,Formalin-Mixed
litchi_formalin (594),75.98424063,3.451636685,4.895770503,16.90535311,0.368925551,369.4248754,2.846334818,Formalin-Mixed
litchi_formalin (595),75.49823759,3.434959106,4.941302812,19.82996212,0.301339346,299.5300197,3.614831719,Formalin-Mixed
litchi_formalin (596),78.90393333,3.11197297,4.983627311,17.83451395,0.527294915,404.2760377,2.534879785,Formalin-Mixed
litchi_formalin (597),77.03208238,3.14104969,4.719535307,16.83319089,0.594326042,375.379136,4.723599601,Formalin-Mixed
litchi_formalin (598),80.79638481,3.821078577,4.975167733,18.82798785,0.302536691,253.6218875,3.942785353,Formalin-Mixed
litchi_formalin (599),79.7039151,3.885882738,4.861644974,17.1376813,0.222452635,371.6737181,3.433648984,Formalin-Mixed
litchi_formalin (600),81.79509715,3.234683533,4.535334095,17.0689879,0.526216975,348.2956469,4.444105277,Formalin-Mixed
litchi_formalin (601),76.78354649,3.113460502,4.840891561,19.51699617,0.448092021,289.2058403,3.352658574,Formalin-Mixed
litchi_formalin (602),78.4004888,3.053416672,4.84335833,16.64991661,0.58387952,449.1496454,3.675959036,Formalin-Mixed
litchi_formalin (603),78.50868334,3.608297614,4.952930282,16.25757179,0.300895688,429.432439,2.008252987,Formalin-Mixed
litchi_formalin (604),76.67423756,3.715353213,4.686466066,17.07674576,0.228411063,308.501539,3.097101591,Formalin-Mixed
litchi_formalin (605),79.1306538,3.372809989,4.79245575,18.42778165,0.396976904,358.2141842,2.416371417,Formalin-Mixed
litchi_formalin (606),78.1030019,3.679675867,4.506093776,16.49235141,0.234186409,313.300428,4.069066042,Formalin-Mixed
litchi_formalin (607),78.12705089,3.712958816,4.666037621,17.88637869,0.304716,405.0991503,3.437080877,Formalin-Mixed
litchi_formalin (608),77.53915654,3.935342281,4.531121863,18.50934844,0.250391144,436.0662866,2.905272672,Formalin-Mixed
litchi_formalin (609),75.11850547,3.064873638,4.760936486,19.39494797,0.289652872,321.7657214,3.403497018,Formalin-Mixed
litchi_formalin (610),78.65466666,3.192291723,4.908723825,16.91947836,0.242457861,411.1168498,2.628889664,Formalin-Mixed
litchi_formalin (611),77.34673485,3.068525988,4.603221346,19.26938529,0.5815624,349.6815085,4.775259897,Formalin-Mixed
litchi_formalin (612),75.00923908,3.867993933,4.763720523,16.93962504,0.311425085,329.3157123,2.161917898,Formalin-Mixed
litchi_formalin (613),77.15560595,3.79258716,4.602004318,18.70706616,0.377559034,437.6843704,4.596251106,Formalin-Mixed
litchi_formalin (614),76.95039833,3.574642071,4.560344234,17.72269429,0.559444723,352.0809377,3.534076366,Formalin-Mixed
litchi_formalin (615),77.75413707,3.08366341,4.755498396,16.45872497,0.470928635,343.4821001,3.856839488,Formalin-Mixed
litchi_formalin (616),75.92296393,3.273312359,4.53957431,18.85705385,0.447214992,384.4868804,2.907816863,Formalin-Mixed
litchi_formalin (617),78.55378677,3.297719848,4.793677316,16.87105047,0.482225276,302.2468402,4.90009285,Formalin-Mixed
litchi_formalin (618),79.84708247,3.560743196,4.51566873,16.7064937,0.531528903,314.9585742,2.845552876,Formalin-Mixed
litchi_formalin (619),79.41129898,3.258043894,4.553357486,17.43329171,0.551067707,436.4091672,3.766633991,Formalin-Mixed
litchi_formalin (620),80.62628463,3.072959864,4.774998743,18.61316098,0.457055868,385.7059691,4.980250115,Formalin-Mixed
litchi_formalin (621),78.16405802,3.730762302,4.795703706,16.93598592,0.55600291,415.3274296,4.643283189,Formalin-Mixed
litchi_formalin (622),78.63364211,3.299080212,4.514493465,16.73464616,0.414159011,304.2223524,3.608989476,Formalin-Mixed
litchi_formalin (623),80.67281359,3.452374177,4.786688394,16.0398145,0.310916343,358.758038,4.971123569,Formalin-Mixed
litchi_formalin (624),77.9939082,3.127666635,4.919251263,17.88657239,0.552030684,444.2792534,4.104109585,Formalin-Mixed
litchi_formalin (625),79.91119545,3.802548303,4.861158089,17.71458228,0.416589131,313.7407798,2.626101248,Formalin-Mixed
litchi_formalin (626),78.04221658,3.565531877,4.565592552,16.93547097,0.562455035,282.0952953,3.216788631,Formalin-Mixed
litchi_formalin (627),77.92415336,3.901585626,4.796237324,16.21460866,0.216067126,352.1772016,3.003480002,Formalin-Mixed
litchi_formalin (628),80.32143937,3.495471563,4.83612625,17.7170235,0.359006301,327.5642177,3.032041125,Formalin-Mixed
litchi_formalin (629),76.22385841,3.941425672,4.518615601,19.15282044,0.579122007,281.9154466,4.281369318,Formalin-Mixed
litchi_formalin (630),77.3701018,3.891868204,4.927673834,18.86112853,0.299860037,427.7102765,3.752788782,Formalin-Mixed
litchi_formalin (631),76.56920594,3.576459856,4.953133699,19.44317956,0.576614498,448.1447821,2.114278135,Formalin-Mixed
litchi_formalin (632),77.5137696,3.933893438,4.925226137,16.03833075,0.581560984,363.7164361,4.632345451,Formalin-Mixed
litchi_formalin (633),76.61262376,3.323088747,4.912315734,19.86567727,0.552856926,404.9353537,2.890388421,Formalin-Mixed
litchi_formalin (634),79.05583942,3.365642163,4.872482599,17.36564901,0.425467218,421.8076739,4.991224631,Formalin-Mixed
litchi_formalin (635),80.58719562,3.045477951,4.816716016,19.96159118,0.45877578,390.1964012,4.862572191,Formalin-Mixed
litchi_formalin (636),80.50629143,3.589200907,4.839313502,17.01047784,0.547846799,258.8312098,4.82159215,Formalin-Mixed
litchi_formalin (637),77.55150675,3.72192397,4.903197647,17.88614555,0.510358833,281.5268463,4.433382812,Formalin-Mixed
litchi_formalin (638),81.92132284,3.77351919,4.831249229,17.41571071,0.45203754,264.1978382,2.661839995,Formalin-Mixed
litchi_formalin (639),79.15698055,3.149816286,4.663863478,17.42304286,0.592903763,251.9759213,3.597898232,Formalin-Mixed
litchi_formalin (640),77.79580211,3.444159072,4.687980551,19.36912839,0.474270655,311.1992818,2.67290788,Formalin-Mixed
litchi_formalin (641),80.84877495,3.176863212,4.948528734,18.98567576,0.590192797,328.4711921,2.779026367,Formalin-Mixed
litchi_formalin (642),80.10911809,3.662127349,4.508561043,19.96860574,0.22295539,298.2059465,3.832855308,Formalin-Mixed
litchi_formalin (643),80.24492736,3.157946372,4.849410291,18.45405873,0.255584148,262.9209296,2.122500636,Formalin-Mixed
litchi_formalin (644),76.37297545,3.904163684,4.977388776,17.85302642,0.380583538,355.9726182,4.9083757,Formalin-Mixed
litchi_formalin (645),78.27827015,3.230634646,4.853114085,16.36029545,0.353951784,304.663864,4.756019518,Formalin-Mixed
litchi_formalin (646),81.03279692,3.291402266,4.996955994,19.98624568,0.513093937,409.207431,3.142302716,Formalin-Mixed
litchi_formalin (647),78.52826605,3.850906322,4.843772453,18.20612261,0.264245611,251.6105243,3.546267344,Formalin-Mixed
litchi_formalin (648),79.7841692,3.45846761,4.517181515,18.80190988,0.590438072,418.5054103,3.398358258,Formalin-Mixed
litchi_formalin (649),79.11553613,3.023995946,4.913504941,17.62696955,0.32602635,440.9507358,4.646599336,Formalin-Mixed
litchi_formalin (650),80.89649751,3.494586251,4.642314956,18.19086283,0.371569483,393.2270126,4.065805629,Formalin-Mixed
litchi_formalin (651),76.99192588,3.084543335,4.723028613,19.77031093,0.309898013,396.7288131,2.834333742,Formalin-Mixed
litchi_formalin (652),79.02832695,3.985344719,4.656045958,16.66567775,0.431745447,436.7124623,3.340523763,Formalin-Mixed
litchi_formalin (653),75.86264268,3.58811157,4.634277053,17.16949034,0.22345148,291.8142571,3.286897927,Formalin-Mixed
litchi_formalin (654),79.83147544,3.256532618,4.715702852,16.60823891,0.259871002,448.9131136,4.878005505,Formalin-Mixed
litchi_formalin (655),80.12377487,3.56371768,4.689375724,19.16886362,0.498319081,404.6962407,2.525932732,Formalin-Mixed
litchi_formalin (656),75.29986125,3.076867103,4.816669291,16.24818104,0.274600233,395.3141417,2.268729012,Formalin-Mixed
litchi_formalin (657),79.73053675,3.799891304,4.9065756,16.3265266,0.294205781,322.2181158,4.641856496,Formalin-Mixed
litchi_formalin (658),77.90283108,3.925328054,4.648544327,17.19397645,0.517192894,359.1554971,4.690057969,Formalin-Mixed
litchi_formalin (659),75.86867813,3.874444388,4.606860576,18.05675272,0.237320471,380.7835577,4.615217264,Formalin-Mixed
litchi_formalin (660),77.93935283,3.341757602,4.833447635,17.6250992,0.374989529,374.0685723,3.532930747,Formalin-Mixed
litchi_formalin (661),76.35963051,3.32576812,4.835160033,16.17926524,0.209225355,390.9969277,3.979233285,Formalin-Mixed
litchi_formalin (662),77.90891672,3.035087611,4.95056562,19.82996623,0.33872296,266.4763478,3.690089143,Formalin-Mixed
litchi_formalin (663),77.6903732,3.651400359,4.507972843,19.81147808,0.479592561,321.1296866,2.208343478,Formalin-Mixed
litchi_formalin (664),80.16874146,3.534904784,4.926520331,17.11742529,0.236041312,336.8000033,3.787504691,Formalin-Mixed
litchi_formalin (665),80.41950891,3.459346371,4.760501086,18.92610246,0.555333851,302.1258596,2.040842442,Formalin-Mixed
litchi_formalin (666),79.24920058,3.907630953,4.810651045,18.31430165,0.563799617,284.5254541,2.974962229,Formalin-Mixed
litchi_formalin (667),75.1588079,3.167878901,4.54568572,16.94990678,0.24199615,277.785496,4.796877728,Formalin-Mixed
litchi_formalin (668),81.51715595,3.009666267,4.716307466,17.04868621,0.596292975,323.2766785,2.912135809,Formalin-Mixed
litchi_formalin (669),79.80363296,3.073316452,4.613651204,17.9646127,0.319011821,348.6883401,4.819479928,Formalin-Mixed
litchi_formalin (670),75.23936815,3.223371438,4.627112515,17.67694777,0.233640668,262.595288,2.750401871,Formalin-Mixed
litchi_formalin (671),80.73183029,3.033285549,4.752047557,17.16491731,0.202026846,439.2916189,2.943686721,Formalin-Mixed
litchi_formalin (672),76.40186308,3.502843711,4.906227975,19.23004639,0.363409158,403.0486646,3.885222489,Formalin-Mixed
litchi_formalin (673),79.05454833,3.314090455,4.871890465,17.92585167,0.451923994,396.1703546,4.284880918,Formalin-Mixed
litchi_formalin (674),78.26644059,3.180483008,4.79549998,18.61939225,0.3328717,284.572105,3.504163304,Formalin-Mixed
litchi_formalin (675),77.93887148,3.750084075,4.769709096,16.757094,0.534686946,370.7601536,4.646347062,Formalin-Mixed
litchi_formalin (676),81.22799604,3.204451326,4.713653022,18.13403065,0.48664251,355.9449894,2.120721265,Formalin-Mixed
litchi_formalin (677),78.06152904,3.687605101,4.986354987,17.2719042,0.340064613,446.4937692,4.766584516,Formalin-Mixed
litchi_formalin (678),75.52740882,3.349264906,4.780096277,18.10565444,0.493723867,399.534354,2.5889234,Formalin-Mixed
litchi_formalin (679),81.62647109,3.511827761,4.626983199,19.12330333,0.576195095,365.1523767,4.652716235,Formalin-Mixed
litchi_formalin (680),81.44374662,3.93386704,4.615045396,19.07565284,0.237238399,420.1625333,3.202589538,Formalin-Mixed
litchi_formalin (681),79.79102883,3.037351635,4.805676515,17.41688271,0.322441584,281.0188542,4.498271168,Formalin-Mixed
litchi_formalin (682),78.2752477,3.500264507,4.761413764,18.77710847,0.385330376,253.0433059,4.014996649,Formalin-Mixed
litchi_formalin (683),75.65001631,3.85442296,4.503848901,19.7651598,0.399196051,388.0466667,2.527824897,Formalin-Mixed
litchi_formalin (684),80.53523683,3.587974248,4.915032686,18.50267732,0.416878258,269.662292,4.75414271,Formalin-Mixed
litchi_formalin (685),75.5283454,3.276870517,4.852061177,16.59364049,0.320250763,273.086728,2.736552171,Formalin-Mixed
litchi_formalin (686),75.48020689,3.397681135,4.830914645,18.71883452,0.466903858,398.9361453,2.732420356,Formalin-Mixed
litchi_formalin (687),78.7616869,3.680265629,4.534390329,16.41961755,0.458033801,304.1069688,4.44253669,Formalin-Mixed
litchi_formalin (688),76.12089768,3.890811894,4.681027925,19.48844164,0.431128603,375.7262431,2.317619767,Formalin-Mixed
litchi_formalin (689),75.05411187,3.041066374,4.96769113,18.06664198,0.245504689,433.4813852,2.666107719,Formalin-Mixed
litchi_formalin (690),77.96179402,3.071538822,4.931294621,17.54056295,0.390787156,313.2949063,3.51103272,Formalin-Mixed
litchi_formalin (691),75.96052062,3.325051524,4.642771469,16.22802638,0.342490755,293.4288316,4.491431086,Formalin-Mixed
litchi_formalin (692),76.12360791,3.232779684,4.578529442,17.52313494,0.396415388,271.3125767,2.442451924,Formalin-Mixed
litchi_formalin (693),75.53837447,3.264930886,4.724543979,19.61282667,0.568746574,276.0924723,3.643004704,Formalin-Mixed
litchi_formalin (694),76.43565628,3.221269999,4.677915189,16.08393199,0.392212537,262.4445391,4.133721775,Formalin-Mixed
litchi_formalin (695),80.00838926,3.195825049,4.841113188,17.89859263,0.205592317,267.5284758,4.581785674,Formalin-Mixed
litchi_formalin (696),80.66249115,3.130623967,4.983217405,19.72463236,0.375534695,336.4009178,4.806696681,Formalin-Mixed
litchi_formalin (697),78.16773551,3.933954132,4.681500725,17.579364,0.528259272,314.173009,4.353919743,Formalin-Mixed
litchi_formalin (698),78.54587671,3.144189464,4.531112086,17.71270275,0.512024369,391.3121629,3.958485195,Formalin-Mixed
litchi_formalin (699),75.22858524,3.204403775,4.948807004,18.31424022,0.405356029,424.0483316,3.300860256,Formalin-Mixed
litchi_formalin (700),75.48521383,3.246265724,4.518974865,17.85174933,0.299907605,406.9546406,2.336330463,Formalin-Mixed
litchi_formalin (701),76.80297408,3.933014873,4.976382949,16.67440676,0.386035465,356.1274513,4.129211578,Formalin-Mixed
litchi_formalin (702),78.80728894,3.755714134,4.832289714,16.07422216,0.425480888,270.4884232,4.978211913,Formalin-Mixed
litchi_formalin (703),80.17685804,3.78969943,4.970844604,18.43924663,0.599948575,391.9534568,4.210281784,Formalin-Mixed
litchi_formalin (704),79.23502143,3.10475826,4.599829843,19.68322635,0.457671236,322.5657449,2.050133281,Formalin-Mixed
litchi_formalin (705),77.74489498,3.836309875,4.520349898,16.42545653,0.477705972,267.1300788,3.488779934,Formalin-Mixed
litchi_formalin (706),75.82826851,3.408193082,4.744104989,16.84381088,0.396581657,418.4932814,3.843939897,Formalin-Mixed
litchi_formalin (707),80.46541264,3.262823026,4.725311707,17.48091794,0.34179582,317.6433034,4.069022603,Formalin-Mixed
litchi_formalin (708),77.54650236,3.575750084,4.665746137,19.23496892,0.525181193,293.6497665,4.159177507,Formalin-Mixed
litchi_formalin (709),80.1523781,3.822182906,4.978828237,17.07704127,0.39797293,424.2904129,3.674325324,Formalin-Mixed
litchi_formalin (710),78.59085189,3.778652151,4.911291866,19.52821762,0.597876052,430.4267737,2.670080998,Formalin-Mixed
litchi_formalin (711),80.17063437,3.889997483,4.830791011,16.2198315,0.38284823,317.7941674,4.826601984,Formalin-Mixed
litchi_formalin (712),81.35102693,3.928132186,4.581429146,19.76382649,0.227200113,320.9602839,4.089999403,Formalin-Mixed
litchi_formalin (713),81.44720661,3.238122071,4.867161704,18.24298831,0.473031255,365.9257055,2.710520111,Formalin-Mixed
litchi_formalin (714),78.74574746,3.423857894,4.863506227,18.63511071,0.21865658,396.6882988,2.966965497,Formalin-Mixed
litchi_formalin (715),78.58055855,3.014628539,4.712534087,17.47075809,0.300200639,262.6298404,4.765783012,Formalin-Mixed
litchi_formalin (716),76.85974926,3.879321659,4.962392955,19.12797714,0.341495301,368.6687314,4.66245556,Formalin-Mixed
litchi_formalin (717),81.55059882,3.154572151,4.583488941,16.666265,0.495793434,440.5640124,3.215439315,Formalin-Mixed
litchi_formalin (718),78.20543417,3.861474812,4.633668781,16.1956473,0.397694371,302.4187794,2.114921666,Formalin-Mixed
litchi_formalin (719),75.89313868,3.329387322,4.53161217,17.58206777,0.211458373,431.7654428,2.145492107,Formalin-Mixed
litchi_formalin (720),78.0289344,3.36813359,4.897725479,19.41478286,0.446739941,440.0336682,2.851754873,Formalin-Mixed
litchi_formalin (721),75.88937275,3.039132254,4.810879693,19.01970735,0.364574495,303.8307282,3.887366658,Formalin-Mixed
litchi_formalin (722),78.51772179,3.32687879,4.657470153,18.06862388,0.568733804,400.8403732,3.752583906,Formalin-Mixed
litchi_formalin (723),78.9289286,3.888363683,4.581906832,18.28855099,0.399824924,297.7550017,3.901483361,Formalin-Mixed
litchi_formalin (724),77.36429033,3.025547401,4.520073885,16.51957131,0.483590058,397.5222323,4.151848916,Formalin-Mixed
litchi_formalin (725),75.5015543,3.406327473,4.583372784,19.36272603,0.287547397,409.4839943,2.057096761,Formalin-Mixed
litchi_formalin (726),81.60452475,3.03139963,4.726642323,19.14783873,0.504389426,299.4411407,2.315256786,Formalin-Mixed
litchi_formalin (727),80.41347179,3.370923425,4.623588485,18.62588158,0.488382124,393.1739087,3.078450355,Formalin-Mixed
litchi_formalin (728),80.87216756,3.172640641,4.629491089,17.86476415,0.561632683,412.4209078,2.464579993,Formalin-Mixed
litchi_formalin (729),77.56807876,3.252218393,4.937788183,19.85783707,0.213528657,321.7157744,2.225960128,Formalin-Mixed
litchi_formalin (730),80.32581721,3.877598373,4.757568837,19.51612789,0.379000279,283.5405552,3.922893188,Formalin-Mixed
litchi_formalin (731),78.39761027,3.436049221,4.864625987,18.57772197,0.471662161,268.3929135,4.446009432,Formalin-Mixed
litchi_formalin (732),76.40758442,3.273797991,4.517855475,17.48720399,0.23806556,365.0763407,4.257879972,Formalin-Mixed
litchi_formalin (733),75.87096364,3.589338378,4.682581678,18.47208911,0.364241627,445.6196239,4.451119336,Formalin-Mixed
litchi_formalin (734),77.41535609,3.14210696,4.739584674,18.30176371,0.576858641,414.590064,3.997569632,Formalin-Mixed
litchi_formalin (735),75.96286478,3.259391607,4.593208428,17.57696795,0.374373796,337.1679278,4.206035965,Formalin-Mixed
litchi_formalin (736),81.98788283,3.546247968,4.560095771,17.22669589,0.594161913,357.3241806,2.815336323,Formalin-Mixed
litchi_formalin (737),75.34432293,3.237523042,4.935151889,17.62804317,0.222735624,305.9055771,4.979024109,Formalin-Mixed
litchi_formalin (738),78.0880052,3.679127737,4.969715814,18.29564562,0.48713191,282.6131735,2.549496963,Formalin-Mixed
litchi_formalin (739),78.16465466,3.491491302,4.539403349,17.71253938,0.432406494,346.4162316,2.643481623,Formalin-Mixed
litchi_formalin (740),77.1044235,3.77198907,4.674509356,17.05429795,0.400215871,342.7003132,2.866765495,Formalin-Mixed
litchi_formalin (741),78.99946096,3.948244536,4.979142814,19.04385327,0.588338961,354.3859906,4.92599729,Formalin-Mixed
litchi_formalin (742),76.04983917,3.115804889,4.541580867,18.12586998,0.25186016,440.5609171,4.964865768,Formalin-Mixed
litchi_formalin (743),80.48738666,3.33466501,4.821820686,16.27070065,0.558399581,370.77906,4.384681249,Formalin-Mixed
litchi_formalin (744),77.32713403,3.319549063,4.986110685,17.47326602,0.476496164,371.1543673,3.887172796,Formalin-Mixed
litchi_formalin (745),79.13939813,3.151182919,4.989111834,19.53965383,0.303598429,275.6049526,3.560187726,Formalin-Mixed
litchi_formalin (746),80.00947465,3.810303137,4.735611665,19.02094612,0.560667658,449.2977732,4.911862537,Formalin-Mixed
litchi_formalin (747),81.22329482,3.759878704,4.581374554,17.29298714,0.371717967,404.5689888,4.086868409,Formalin-Mixed
litchi_formalin (748),80.85051206,3.484425471,4.601042157,19.75273261,0.525690931,425.4406688,4.834190385,Formalin-Mixed
litchi_formalin (749),79.2581632,3.537770778,4.944800698,16.30641163,0.355534607,332.8600824,2.949652398,Formalin-Mixed
litchi_formalin (750),77.71875226,3.059544138,4.955841502,19.84493882,0.540372331,350.4256192,3.001324377,Formalin-Mixed
litchi_formalin (751),78.52243269,3.555507352,4.803939822,16.98282037,0.454651647,354.4167618,4.564173782,Formalin-Mixed
litchi_formalin (752),80.38114355,3.791341524,4.8830882,16.03637672,0.256418653,288.8189079,2.449564762,Formalin-Mixed
litchi_formalin (753),81.1428188,3.573827574,4.869965626,17.73523215,0.459865265,387.8978313,4.837783584,Formalin-Mixed
litchi_formalin (754),75.7264735,3.26530637,4.830910799,17.43588172,0.276537905,430.5953447,3.522423064,Formalin-Mixed
litchi_formalin (755),77.69399384,3.667548272,4.913638477,18.15635602,0.364769051,282.7411636,4.779241636,Formalin-Mixed
litchi_formalin (756),80.43281619,3.36148843,4.842703312,19.18709144,0.268118234,267.2636547,3.010378366,Formalin-Mixed
litchi_formalin (757),78.02156234,3.544873284,4.767001153,19.36972321,0.208806446,397.6437811,4.147876712,Formalin-Mixed
litchi_formalin (758),77.32559435,3.487565363,4.618478181,17.60492,0.284754616,304.6403663,3.448625366,Formalin-Mixed
litchi_formalin (759),77.87925888,3.381175001,4.871944072,17.71938297,0.414548809,374.7725083,3.880410891,Formalin-Mixed
litchi_formalin (760),79.21991323,3.71887798,4.736718934,16.59271092,0.392624387,389.1516676,3.513117479,Formalin-Mixed
litchi_formalin (761),81.99863601,3.883876112,4.647395842,16.19019044,0.400598838,314.3821527,4.901346852,Formalin-Mixed
litchi_formalin (762),78.450947,3.005212518,4.900973138,18.56485996,0.299074751,413.0289195,4.076316193,Formalin-Mixed
litchi_formalin (763),76.45946132,3.933616519,4.8483568,16.2577505,0.47406448,359.9977964,2.753956906,Formalin-Mixed
litchi_formalin (764),76.13992603,3.511515136,4.968669782,18.93532048,0.481705315,423.7998816,4.729030766,Formalin-Mixed
litchi_formalin (765),75.29644823,3.70073188,4.58272082,18.15636058,0.34318713,402.6587105,2.882089214,Formalin-Mixed
litchi_formalin (766),78.91172064,3.855624566,4.824594642,16.79433191,0.552468035,423.7151264,3.114815298,Formalin-Mixed
litchi_formalin (767),78.81200464,3.467103692,4.622119734,18.15809177,0.457609287,254.0322764,2.306371094,Formalin-Mixed
litchi_formalin (768),76.43663749,3.834974073,4.951791493,16.73199087,0.48521571,298.7012521,4.699899559,Formalin-Mixed
litchi_formalin (769),79.86730585,3.177619819,4.549749707,17.75494883,0.310935967,268.0015881,2.85833607,Formalin-Mixed
litchi_formalin (770),80.18774929,3.159167534,4.828080903,19.19824126,0.200244654,338.4166034,2.776752854,Formalin-Mixed
litchi_formalin (771),76.81368744,3.657471369,4.895542861,17.84767717,0.546150245,427.9920243,4.760787794,Formalin-Mixed
litchi_formalin (772),77.40869835,3.870143006,4.67745892,16.59479727,0.528969754,343.5080525,4.416580587,Formalin-Mixed
litchi_formalin (773),81.93330171,3.892426178,4.97706904,18.89531473,0.249276755,419.9426089,2.423236765,Formalin-Mixed
litchi_formalin (774),77.61985127,3.643740458,4.925365342,16.74707367,0.349642054,315.4356476,4.307973512,Formalin-Mixed
litchi_formalin (775),80.3256117,3.52548923,4.64730915,18.9541995,0.464535723,317.9140146,4.739099294,Formalin-Mixed
litchi_formalin (776),78.16907799,3.331393088,4.503770546,17.91740916,0.460844343,429.1123461,2.235533655,Formalin-Mixed
litchi_formalin (777),80.5534138,3.980000416,4.648328588,17.81496704,0.544140134,335.1634293,4.475644985,Formalin-Mixed
litchi_formalin (778),80.38316267,3.319695687,4.640655235,19.40574015,0.256107265,407.9530976,3.642260156,Formalin-Mixed
litchi_formalin (779),79.67429218,3.744186107,4.944982304,18.8344141,0.371975899,297.3287096,4.007592348,Formalin-Mixed
litchi_formalin (780),80.98344842,3.5319818,4.983560589,16.13164319,0.238889767,439.7601659,3.478563017,Formalin-Mixed
litchi_formalin (781),81.57452946,3.608512343,4.535219993,17.18469726,0.355838099,364.9156493,4.093409255,Formalin-Mixed
litchi_formalin (782),79.05988324,3.393480551,4.735647414,19.48368264,0.206042978,401.8647137,2.102293585,Formalin-Mixed
litchi_formalin (783),76.66228235,3.964823125,4.774165999,16.07330467,0.559309226,267.90314,4.28812017,Formalin-Mixed
litchi_formalin (784),77.79040273,3.571682326,4.546455831,18.18101379,0.410817599,348.5328452,2.100031094,Formalin-Mixed
litchi_formalin (785),80.30813999,3.93778763,4.688748855,18.91130268,0.539920904,430.2076995,3.365899543,Formalin-Mixed
litchi_formalin (786),79.5561844,3.007591416,4.658541209,18.48742434,0.22396188,425.4077258,2.452894979,Formalin-Mixed
litchi_formalin (787),76.24458837,3.572670583,4.768028177,19.04212881,0.290983244,259.3627914,4.470722832,Formalin-Mixed
litchi_formalin (788),75.35867679,3.71718689,4.83059545,18.9027674,0.303751998,310.7396938,2.940982728,Formalin-Mixed
litchi_formalin (789),79.78073115,3.745080171,4.851742555,18.76812278,0.354676598,338.6640013,3.362280634,Formalin-Mixed
litchi_formalin (790),76.75755317,3.904976882,4.568377512,19.28615944,0.521146549,284.4529629,3.286252224,Formalin-Mixed
litchi_formalin (791),78.49769171,3.004401609,4.906473851,18.58276267,0.354623149,395.9996622,4.317505897,Formalin-Mixed
litchi_formalin (792),80.22722741,3.000330159,4.839271015,17.60967398,0.281861412,286.9023991,3.443433079,Formalin-Mixed
litchi_formalin (793),78.93866746,3.472263461,4.944537458,17.88763644,0.225996104,319.3279389,4.366875005,Formalin-Mixed
litchi_formalin (794),75.58311808,3.029293705,4.72466803,18.86689913,0.231796699,382.6561274,2.22052483,Formalin-Mixed
litchi_formalin (795),76.29906166,3.974532554,4.946944881,19.50522412,0.504018882,346.4178689,2.574781904,Formalin-Mixed
litchi_formalin (796),76.53529729,3.222065175,4.932887061,17.0888752,0.377921196,397.7142077,3.654602749,Formalin-Mixed
litchi_formalin (797),76.80504978,3.472664729,4.719204666,17.36830718,0.490472449,442.2415802,4.841264974,Formalin-Mixed
litchi_formalin (798),78.95782374,3.06113763,4.690571658,19.72295759,0.472914849,273.3093375,2.22427354,Formalin-Mixed
litchi_formalin (799),78.52776046,3.522048416,4.966406007,18.31404717,0.254144985,391.9135433,2.129252648,Formalin-Mixed
litchi_formalin (800),76.42212027,3.379956125,4.857582367,16.71584727,0.257155174,296.0688311,2.469652025,Formalin-Mixed
litchi_formalin (801),75.4728839,3.044660029,4.964122673,18.65478056,0.502136806,332.8953455,3.923459387,Formalin-Mixed
litchi_formalin (802),76.20002543,3.335124267,4.898487389,19.96304862,0.488507317,256.5725452,3.19697875,Formalin-Mixed
litchi_formalin (803),81.89066919,3.39143602,4.80464872,19.29381426,0.351212307,277.1814765,4.476657138,Formalin-Mixed
litchi_formalin (804),78.27982865,3.989921491,4.557926389,18.98296455,0.230968905,313.9554578,2.215799454,Formalin-Mixed
litchi_formalin (805),81.07141853,3.207885872,4.645740336,16.83218662,0.204839209,318.3971611,2.58924226,Formalin-Mixed
litchi_formalin (806),80.94126727,3.544779615,4.984421204,19.50455914,0.31526278,429.9170433,2.900079216,Formalin-Mixed
litchi_formalin (807),78.5806369,3.987315549,4.659711049,18.10315537,0.203688909,398.3625819,3.88019026,Formalin-Mixed
litchi_formalin (808),79.94681396,3.792019208,4.546627435,19.55716009,0.292029048,444.4365936,4.055518071,Formalin-Mixed
litchi_formalin (809),76.34926407,3.993367501,4.853776678,17.31931132,0.367800296,369.8143021,2.372609882,Formalin-Mixed
litchi_formalin (810),79.81877693,3.968298315,4.867002127,16.24820421,0.248566306,298.3427464,4.831414127,Formalin-Mixed
litchi_formalin (811),76.90669205,3.489539542,4.64272886,17.90390387,0.241711103,315.531006,3.023132406,Formalin-Mixed
litchi_formalin (812),80.82443468,3.69637585,4.64883599,17.07935042,0.558574974,313.9671847,4.139506289,Formalin-Mixed
litchi_formalin (813),75.58606893,3.110443127,4.734446493,18.86091716,0.434188012,315.2988655,3.572623157,Formalin-Mixed
litchi_formalin (814),80.41197071,3.441148825,4.510894475,19.82842621,0.573782275,384.5928346,2.668274341,Formalin-Mixed
litchi_formalin (815),75.69955835,3.809018542,4.894661505,18.7638966,0.338330466,356.1615856,4.538684969,Formalin-Mixed
litchi_formalin (816),81.16832466,3.505335321,4.658544394,19.54773572,0.470857975,327.0848356,4.454714085,Formalin-Mixed
litchi_formalin (817),77.12943163,3.702699033,4.926881551,17.81209605,0.28187667,279.8179537,3.188215562,Formalin-Mixed
litchi_formalin (818),79.58075355,3.74575133,4.901315211,19.08656295,0.447336127,254.4278326,3.765822757,Formalin-Mixed
litchi_formalin (819),78.41251595,3.253469141,4.830701017,19.37217375,0.251834292,293.7669355,2.773477088,Formalin-Mixed
litchi_formalin (820),77.56412202,3.875699373,4.662437434,18.84350251,0.200832256,271.4942808,4.069554886,Formalin-Mixed
litchi_formalin (821),79.51809283,3.459822431,4.758158281,18.03110914,0.572612721,407.0890062,2.927080438,Formalin-Mixed
litchi_formalin (822),81.63266086,3.210185104,4.722414629,18.50346444,0.42195775,272.4995916,4.532236203,Formalin-Mixed
litchi_formalin (823),75.28888823,3.865415882,4.669440943,18.80202798,0.570776265,394.8456475,2.652155313,Formalin-Mixed
litchi_formalin (824),81.43196999,3.417818806,4.924068145,17.01233761,0.333532609,327.131738,2.044410268,Formalin-Mixed
litchi_formalin (825),79.26357159,3.750312438,4.741753537,19.23831704,0.331114428,264.6756779,2.805524126,Formalin-Mixed
litchi_formalin (826),80.65120011,3.548033072,4.916361549,19.80129816,0.360262001,412.5460099,2.573157459,Formalin-Mixed
litchi_formalin (827),77.68712467,3.381871752,4.552609237,17.86095726,0.482416394,365.926114,3.524859319,Formalin-Mixed
litchi_formalin (828),78.30290082,3.809876415,4.570512394,18.80426873,0.426323454,297.1523026,2.611109875,Formalin-Mixed
litchi_formalin (829),81.08195526,3.584469932,4.988660153,18.94810362,0.570141963,428.9362349,4.289569612,Formalin-Mixed
litchi_formalin (830),77.90393579,3.390562102,4.793884231,18.64899019,0.21017636,259.0516628,2.724111914,Formalin-Mixed
litchi_formalin (831),78.74261697,3.10959787,4.754884837,18.18846043,0.483278375,290.3639216,4.12090454,Formalin-Mixed
litchi_formalin (832),75.14136446,3.895445314,4.761578032,19.52659182,0.332131076,400.4093856,3.735412769,Formalin-Mixed
litchi_formalin (833),76.11018604,3.035469585,4.607634387,17.79570684,0.272093461,391.8755861,4.958749569,Formalin-Mixed
litchi_formalin (834),79.49180556,3.863187348,4.859351975,16.24441183,0.404158249,307.8543387,4.999702931,Formalin-Mixed
litchi_formalin (835),80.01883831,3.359961525,4.542390312,19.3782255,0.402025514,262.4049751,4.60857825,Formalin-Mixed
litchi_formalin (836),79.07820656,3.639338764,4.786661857,18.69592509,0.254804411,421.6156144,4.279950108,Formalin-Mixed
litchi_formalin (837),76.00317025,3.922199724,4.785384398,19.39703451,0.280758422,312.7395276,3.159369242,Formalin-Mixed
litchi_formalin (838),78.117838,3.151706616,4.957094212,16.55418977,0.363265866,289.142683,4.259830181,Formalin-Mixed
litchi_formalin (839),77.48566336,3.566950476,4.763091405,16.12301176,0.363524565,353.2123645,4.870026611,Formalin-Mixed
litchi_formalin (840),78.46962941,3.764432862,4.568531348,19.73749816,0.327023256,432.0454399,2.070132726,Formalin-Mixed
litchi_formalin (841),81.09230324,3.757583833,4.78637663,16.59091322,0.259418061,258.7093156,3.613744101,Formalin-Mixed
litchi_formalin (842),80.43103007,3.525631915,4.545663822,19.23860933,0.201749472,403.1608176,2.653994913,Formalin-Mixed
litchi_formalin (843),75.58792651,3.62473946,4.601896918,19.29283977,0.588094025,364.4946456,3.673628948,Formalin-Mixed
litchi_formalin (844),81.23216438,3.757526994,4.515554292,18.8348208,0.577399692,335.0898233,3.399341269,Formalin-Mixed
litchi_formalin (845),78.30237006,3.841027638,4.756646791,16.52504884,0.393460152,398.8160888,3.727305745,Formalin-Mixed
litchi_formalin (846),80.20703501,3.761813097,4.542266308,18.6695945,0.598020701,443.1648849,3.652886664,Formalin-Mixed
litchi_formalin (847),75.98027462,3.354004943,4.734697189,19.55634633,0.469461732,295.8412422,4.880321118,Formalin-Mixed
litchi_formalin (848),79.69503668,3.996726401,4.966472518,17.70212658,0.227543015,278.729473,3.656558327,Formalin-Mixed
litchi_formalin (849),76.65428212,3.434502694,4.859880707,17.65406742,0.24708728,432.576349,4.538696264,Formalin-Mixed
litchi_formalin (850),78.06866628,3.024464703,4.538705837,17.77143324,0.566444338,383.7906155,2.95946086,Formalin-Mixed
litchi_formalin (851),75.11804009,3.362616952,4.612104906,16.32908756,0.452020881,337.5972043,3.314302066,Formalin-Mixed
litchi_formalin (852),76.06127447,3.127782955,4.83683121,19.56810228,0.537273451,364.6519141,3.411240428,Formalin-Mixed
litchi_formalin (853),75.64456345,3.121442616,4.947350931,19.47673146,0.55930786,399.122781,2.83618413,Formalin-Mixed
litchi_formalin (854),76.67820921,3.28153504,4.516459293,19.99163729,0.379176805,404.6063797,3.139370784,Formalin-Mixed
litchi_formalin (855),75.70012663,3.053375494,4.906225566,18.34073257,0.219410381,433.9788362,3.795539238,Formalin-Mixed
litchi_formalin (856),79.84337019,3.688512188,4.78090694,19.00476655,0.27531214,335.3685578,3.74056329,Formalin-Mixed
litchi_formalin (857),75.20327932,3.073988884,4.773045663,16.81068763,0.226628779,308.682182,3.909306034,Formalin-Mixed
litchi_formalin (858),79.3241835,3.203289555,4.978906591,18.67011527,0.275495938,377.9328534,3.055453746,Formalin-Mixed
litchi_formalin (859),75.98495482,3.092899714,4.873822306,18.5989314,0.364213171,333.1455799,2.947494485,Formalin-Mixed
litchi_formalin (860),81.6161302,3.063167731,4.925059434,19.60483494,0.247278724,368.9196908,3.834853648,Formalin-Mixed
litchi_formalin (861),81.53165851,3.267751666,4.676997785,19.32317089,0.266693299,333.9971597,2.398585245,Formalin-Mixed
litchi_formalin (862),76.57852172,3.571898968,4.77718202,19.75386585,0.378328713,280.5991573,2.759094631,Formalin-Mixed
litchi_formalin (863),79.30094909,3.964685556,4.807702839,19.47533389,0.33606838,343.8853503,2.126383211,Formalin-Mixed
litchi_formalin (864),75.19603724,3.875556654,4.66079197,19.47477558,0.38706325,388.1835644,2.217832558,Formalin-Mixed
litchi_formalin (865),81.5225198,3.875933925,4.785124062,16.25489331,0.371668811,409.8567615,2.730149838,Formalin-Mixed
litchi_formalin (866),78.66091116,3.176067036,4.61832769,19.38384781,0.45779121,348.6652554,2.058587841,Formalin-Mixed
litchi_formalin (867),75.30256206,3.264907193,4.571687836,18.42991358,0.57487582,283.047578,2.736231776,Formalin-Mixed
litchi_formalin (868),77.39749995,3.076393317,4.68698513,17.52177781,0.243145735,332.9375419,3.964928969,Formalin-Mixed
litchi_formalin (869),75.53794623,3.77846834,4.869644814,16.2260585,0.23970406,407.2587858,2.183321235,Formalin-Mixed
litchi_formalin (870),77.75061108,3.069816301,4.958093574,18.7106951,0.541122444,332.5718541,3.310210033,Formalin-Mixed
litchi_formalin (871),79.6894844,3.556695671,4.728857026,17.312807,0.402558682,389.3061587,4.739326361,Formalin-Mixed
litchi_formalin (872),78.28922936,3.247875572,4.821411844,17.87110506,0.506562009,351.4427363,4.373854487,Formalin-Mixed
litchi_formalin (873),77.68605522,3.243445634,4.551518565,18.72691375,0.286168761,298.244625,2.916312507,Formalin-Mixed
litchi_formalin (874),75.83409932,3.990725055,4.952231879,19.64709819,0.531545029,409.2301016,4.774416438,Formalin-Mixed
litchi_formalin (875),76.71457332,3.756779807,4.784302107,19.30174766,0.56953865,266.8426908,2.98893949,Formalin-Mixed
litchi_formalin (876),75.70100301,3.836939358,4.890169124,17.80238852,0.454193206,354.9780566,2.217546489,Formalin-Mixed
litchi_formalin (877),80.65249112,3.571982685,4.8972206,17.55113263,0.242351609,291.7782068,4.98216787,Formalin-Mixed
litchi_formalin (878),75.9466788,3.871014287,4.628240263,16.95911896,0.558117926,263.4131257,4.610067582,Formalin-Mixed
litchi_formalin (879),79.16761357,3.645490539,4.764587227,17.489707,0.516995091,350.5867874,3.39779835,Formalin-Mixed
litchi_formalin (880),77.3991829,3.946173705,4.980239876,16.44418555,0.500351111,349.9124312,3.999129573,Formalin-Mixed
litchi_formalin (881),76.58184869,3.281338586,4.544817272,19.88442203,0.214691276,391.3801803,4.013684234,Formalin-Mixed
litchi_formalin (882),79.47627908,3.595319546,4.841524949,18.29566978,0.51958501,398.9501386,2.583446692,Formalin-Mixed
litchi_formalin (883),78.19901617,3.690131348,4.981132039,16.51122337,0.255180404,395.5582977,2.600145899,Formalin-Mixed
litchi_formalin (884),77.80101827,3.392937305,4.650288554,17.41122404,0.28895447,331.9117466,3.40874211,Formalin-Mixed
litchi_formalin (885),79.14996403,3.879707982,4.930723961,18.18815657,0.430853934,376.3379574,4.73471942,Formalin-Mixed
litchi_formalin (886),78.4388734,3.979803163,4.966828773,18.13154255,0.305992309,365.3890485,2.029981325,Formalin-Mixed
litchi_formalin (887),77.12438946,3.493769491,4.873543105,16.14201347,0.464539283,334.3123512,4.347516908,Formalin-Mixed
litchi_formalin (888),78.91342901,3.390640655,4.615664156,19.80336414,0.443228179,369.4425388,2.172580351,Formalin-Mixed
litchi_formalin (889),79.68649004,3.471937929,4.667000359,17.10150273,0.243259839,439.4495753,3.434666345,Formalin-Mixed
litchi_formalin (890),75.18685211,3.852736746,4.517904647,16.06473868,0.462405832,288.5787487,3.913618499,Formalin-Mixed
litchi_formalin (891),78.2611021,3.645468426,4.915726617,16.30577604,0.569581964,431.1544192,4.060277801,Formalin-Mixed
litchi_formalin (892),75.40378299,3.044772373,4.924805593,18.32077961,0.264443962,260.6911028,2.175437791,Formalin-Mixed
litchi_formalin (893),76.3048379,3.54216991,4.816355155,16.55114208,0.438824808,311.6778426,3.255810852,Formalin-Mixed
litchi_formalin (894),78.92356114,3.017300123,4.676263926,16.16689917,0.336746149,307.6290497,3.751511782,Formalin-Mixed
litchi_formalin (895),81.06332241,3.778535371,4.538405514,17.51850587,0.383844669,375.2730216,2.198136612,Formalin-Mixed
litchi_formalin (896),81.17963975,3.328312274,4.876528805,18.49104477,0.314800072,276.2449904,2.40528367,Formalin-Mixed
litchi_formalin (897),75.48960807,3.472007482,4.863263097,16.44735922,0.341652255,426.4695224,3.990946969,Formalin-Mixed
litchi_formalin (898),77.9337356,3.798678106,4.956301261,17.25331133,0.211564729,415.7102817,3.56491459,Formalin-Mixed
litchi_formalin (899),79.08104538,3.046448817,4.865266011,17.67104269,0.592620695,380.4131639,2.485485984,Formalin-Mixed
litchi_formalin (900),76.02948933,3.158541536,4.914347471,16.63784039,0.449919969,341.6827664,3.605718011,Formalin-Mixed
litchi_formalin (901),80.35802552,3.397960376,4.872977309,18.02429559,0.400282236,436.5912084,4.73807712,Formalin-Mixed
litchi_formalin (902),80.20964681,3.229925164,4.815343594,16.34085635,0.35348614,416.1493109,2.046762754,Formalin-Mixed
litchi_formalin (903),81.3233871,3.337901426,4.713483197,16.18607399,0.415749824,349.8630296,3.92790132,Formalin-Mixed
litchi_formalin (904),75.05940208,3.998174738,4.951058654,18.07934147,0.352042399,390.3746709,2.220951304,Formalin-Mixed
litchi_formalin (905),76.51678971,3.825414438,4.825484286,16.99158789,0.343963171,363.3859904,2.019348329,Formalin-Mixed
litchi_formalin (906),80.790307,3.883901815,4.699177661,16.38149523,0.385578617,367.5884477,2.451963466,Formalin-Mixed
litchi_formalin (907),79.69406036,3.937054634,4.541734648,17.69565035,0.310393213,316.1952139,3.268719896,Formalin-Mixed
litchi_formalin (908),81.26072898,3.34093588,4.645352428,19.66056296,0.27201996,342.4169209,4.407031997,Formalin-Mixed
litchi_formalin (909),75.40025758,3.297076958,4.771863367,18.89676979,0.422642359,265.6242862,2.84535649,Formalin-Mixed
litchi_formalin (910),79.17874776,3.234062493,4.637817685,19.26246366,0.537106174,321.4697383,3.877019637,Formalin-Mixed
litchi_formalin (911),78.98332602,3.830116911,4.610617674,19.48765596,0.261131271,389.1657031,3.233469914,Formalin-Mixed
litchi_formalin (912),75.24972091,3.679551862,4.763696757,19.89051097,0.213093736,440.6432061,2.702995376,Formalin-Mixed
litchi_formalin (913),78.59465454,3.236171982,4.584910173,19.05298629,0.298724698,442.6128226,3.542741343,Formalin-Mixed
litchi_formalin (914),79.26664218,3.376993829,4.900205032,18.43363169,0.591888257,361.1445738,4.392393471,Formalin-Mixed
litchi_formalin (915),76.33905222,3.506711764,4.742184076,17.46170352,0.531503229,371.3244504,4.49747711,Formalin-Mixed
litchi_formalin (916),76.91330708,3.528140057,4.786931387,16.72657295,0.438346421,287.1442371,4.539558596,Formalin-Mixed
litchi_formalin (917),79.48243142,3.888727729,4.573691634,18.7466395,0.571699566,389.0616216,3.015673438,Formalin-Mixed
litchi_formalin (918),78.27810663,3.380566133,4.662288168,19.97979994,0.378111647,264.1317585,4.380368194,Formalin-Mixed
litchi_formalin (919),81.0060956,3.908524031,4.705044842,17.86943474,0.593312241,306.9371372,2.636535365,Formalin-Mixed
litchi_formalin (920),77.39667236,3.44136756,4.904106415,18.89471747,0.318520818,383.6726695,4.215275304,Formalin-Mixed
litchi_formalin (921),76.86661761,3.746372675,4.885079762,17.9803698,0.2961223,312.0620263,4.845153279,Formalin-Mixed
litchi_formalin (922),81.89406158,3.93025432,4.611488737,17.72773369,0.45521928,259.9693748,2.041231504,Formalin-Mixed
litchi_formalin (923),81.37795039,3.907575704,4.808089541,17.64122245,0.351261587,416.3740819,3.321091794,Formalin-Mixed
litchi_formalin (924),75.20294921,3.056952867,4.621728179,18.01849873,0.450546217,312.0660014,3.943312965,Formalin-Mixed
litchi_formalin (925),80.39510031,3.205704295,4.994123578,17.46758265,0.321998207,262.621045,4.105327311,Formalin-Mixed
litchi_formalin (926),75.77234342,3.476905426,4.976061939,18.99509329,0.447167303,264.9576329,2.528263275,Formalin-Mixed
litchi_formalin (927),75.19239636,3.43155429,4.78163236,19.49708811,0.310298504,300.3517598,4.916549826,Formalin-Mixed
litchi_formalin (928),76.91586861,3.640891665,4.849451286,19.53154123,0.220388828,285.6031894,3.845796104,Formalin-Mixed
litchi_formalin (929),76.88542115,3.944709051,4.900715191,16.91079485,0.564854361,404.8600236,2.493021804,Formalin-Mixed
litchi_formalin (930),80.73523134,3.112404711,4.86049921,19.58363655,0.553282081,314.3368093,2.061567535,Formalin-Mixed
litchi_formalin (931),79.97467072,3.451858665,4.849914346,17.36620493,0.58831926,410.939157,4.349792596,Formalin-Mixed
litchi_formalin (932),81.87126599,3.192411038,4.979277004,17.23723066,0.48661087,284.7691996,2.239114218,Formalin-Mixed
litchi_formalin (933),79.9805903,3.894107598,4.798228053,18.90702423,0.473088471,348.5758359,2.423152763,Formalin-Mixed
litchi_formalin (934),77.92778887,3.964580186,4.818151336,17.21878536,0.423601228,387.6074267,3.724490081,Formalin-Mixed
litchi_formalin (935),79.89249363,3.478701682,4.924634375,16.21186562,0.250376967,380.3981708,3.81051651,Formalin-Mixed
litchi_formalin (936),81.99621347,3.104010298,4.834945434,17.49447109,0.275694124,370.225882,4.060661356,Formalin-Mixed
litchi_formalin (937),79.97099318,3.785294667,4.866466311,18.8858624,0.315787875,434.9643204,3.180542038,Formalin-Mixed
litchi_formalin (938),80.33176949,3.69714135,4.617084343,17.30783368,0.556062545,295.7050295,4.321696007,Formalin-Mixed
litchi_formalin (939),81.56855511,3.354670827,4.685633462,18.51823622,0.26918781,348.7438409,4.923075799,Formalin-Mixed
litchi_formalin (940),75.79555883,3.887407474,4.573650673,18.64047778,0.56914927,426.79851,2.813284829,Formalin-Mixed
litchi_formalin (941),79.93349005,3.97583189,4.752882721,18.93494405,0.409114293,265.5787531,4.10908585,Formalin-Mixed
litchi_formalin (942),80.95564171,3.557853849,4.7278637,19.58852187,0.486227854,261.1776537,4.785405957,Formalin-Mixed
litchi_formalin (943),81.6806502,3.565727911,4.998581407,17.730258,0.244097795,296.6604575,4.058860288,Formalin-Mixed
litchi_formalin (944),76.47678503,3.297513505,4.805604326,16.66572831,0.30761342,376.6042439,4.043328496,Formalin-Mixed
litchi_formalin (945),78.52750305,3.584506036,4.893222412,17.27570286,0.583407443,301.9759253,2.671317707,Formalin-Mixed
litchi_formalin (946),79.76388393,3.439642321,4.667007335,17.72866902,0.306459979,288.0479768,3.605390601,Formalin-Mixed
litchi_formalin (947),76.73227411,3.302191027,4.915772666,18.85556588,0.318608688,341.7604631,3.687568531,Formalin-Mixed
litchi_formalin (948),79.20331004,3.067185197,4.807542483,16.0524885,0.279038954,372.7196138,4.100388687,Formalin-Mixed
litchi_formalin (949),76.80305148,3.25270786,4.848496166,17.26314153,0.251629466,299.7115414,4.99046435,Formalin-Mixed
litchi_formalin (950),77.33419914,3.19785465,4.647215389,19.11937032,0.293303057,310.1382373,2.100931468,Formalin-Mixed
litchi_formalin (951),78.09063088,3.542041985,4.774319196,18.68343081,0.456930757,372.711861,2.195697984,Formalin-Mixed
litchi_formalin (952),78.70433069,3.601670022,4.817018487,18.92695989,0.382147093,439.1476844,2.233850208,Formalin-Mixed
litchi_formalin (953),78.1455611,3.608571724,4.794547338,19.24724308,0.421502335,384.9483455,4.228937403,Formalin-Mixed
litchi_formalin (954),78.45236864,3.388181001,4.957596856,19.13294288,0.248945932,406.5808287,2.409061385,Formalin-Mixed
litchi_formalin (955),77.09012129,3.421229734,4.949136332,18.72873266,0.520846579,323.362019,3.867355623,Formalin-Mixed
litchi_formalin (956),76.11275566,3.83423843,4.985492029,17.75864613,0.51363788,304.4508719,2.974006634,Formalin-Mixed
litchi_formalin (957),75.33144984,3.476232814,4.833714003,19.93439332,0.208635964,340.8535486,3.371959869,Formalin-Mixed
litchi_formalin (958),76.37185106,3.987773332,4.985957065,18.27629278,0.353406038,411.4265657,2.646989479,Formalin-Mixed
litchi_formalin (959),79.07360549,3.43961723,4.916239,16.81107684,0.227508241,341.2599284,4.598319684,Formalin-Mixed
litchi_formalin (960),80.50280813,3.649580945,4.63541607,17.17125142,0.516842312,419.3450818,3.758450972,Formalin-Mixed
litchi_formalin (961),76.18473318,3.050362999,4.713717835,18.77424982,0.494907873,447.7543961,4.833689791,Formalin-Mixed
litchi_formalin (962),75.7598875,3.653339924,4.619196221,19.69895826,0.560795238,264.4053331,3.723788749,Formalin-Mixed
litchi_formalin (963),80.24503252,3.851426394,4.50209858,16.71488052,0.294561584,259.0820312,2.371724092,Formalin-Mixed
litchi_formalin (964),77.13610831,3.942457839,4.594024377,16.32938598,0.382518353,279.9179406,2.512611302,Formalin-Mixed
litchi_formalin (965),81.66049607,3.997320612,4.502030293,19.52612419,0.273795151,326.8739351,4.967221929,Formalin-Mixed
litchi_formalin (966),80.00022579,3.282178646,4.859919231,19.66111192,0.348493974,276.2084418,4.176695592,Formalin-Mixed
litchi_formalin (967),77.28729233,3.575370065,4.712767149,17.10551738,0.408897301,424.1328955,2.14783625,Formalin-Mixed
litchi_formalin (968),77.02679923,3.450717986,4.656287364,17.5091429,0.221332316,254.6292502,4.111343015,Formalin-Mixed
litchi_formalin (969),78.6658887,3.563817481,4.880860446,18.64075199,0.485948164,313.1585433,3.23651914,Formalin-Mixed
litchi_formalin (970),75.55401268,3.157452957,4.916243387,17.31972008,0.417317344,286.9389259,2.92162516,Formalin-Mixed
litchi_formalin (971),75.82373559,3.856149573,4.987649769,19.50863483,0.531583607,436.307866,2.462182381,Formalin-Mixed
litchi_formalin (972),76.23100517,3.909568943,4.821006792,16.43031481,0.3087122,383.896201,4.519711864,Formalin-Mixed
litchi_formalin (973),80.42306515,3.449661663,4.730764479,16.15192888,0.561328442,432.4060513,2.191524137,Formalin-Mixed
litchi_formalin (974),78.59700151,3.280429862,4.652632151,16.83394483,0.599477701,444.4657421,2.869506387,Formalin-Mixed
litchi_formalin (975),75.07396986,3.140833428,4.611159105,17.14435111,0.567719375,349.4196487,2.919148681,Formalin-Mixed
litchi_formalin (976),79.71461569,3.683764825,4.606462975,16.45170637,0.51115699,296.8638216,2.482715852,Formalin-Mixed
litchi_formalin (977),77.96583125,3.31223184,4.704594687,16.26276172,0.524947521,288.7457572,3.52455465,Formalin-Mixed
litchi_formalin (978),78.57596655,3.90953857,4.995893178,19.02243085,0.429497697,294.5837723,2.03510788,Formalin-Mixed
litchi_formalin (979),76.4988137,3.671012475,4.500426849,16.65710626,0.276061545,391.7186615,2.902926546,Formalin-Mixed
litchi_formalin (980),78.8624756,3.645685325,4.598602949,19.6556888,0.470816274,258.0891456,4.800888332,Formalin-Mixed
litchi_formalin (981),81.85407268,3.559402116,4.594196491,17.47199865,0.485101201,260.2722146,2.931588708,Formalin-Mixed
litchi_formalin (982),75.51411284,3.045776339,4.858559743,18.68242324,0.594154056,371.6285885,3.081378161,Formalin-Mixed
litchi_formalin (983),76.9874218,3.931922436,4.676242364,16.90160846,0.416520527,378.4114293,3.419495145,Formalin-Mixed
litchi_formalin (984),76.70098315,3.627937493,4.728630402,16.96129107,0.308547606,383.0525849,3.685080125,Formalin-Mixed
litchi_formalin (985),76.73984518,3.994061983,4.574312065,18.29883681,0.473469009,324.3761009,4.426125934,Formalin-Mixed
litchi_formalin (986),77.6509445,3.537356405,4.702498519,18.2425717,0.591750328,411.1889777,2.570963669,Formalin-Mixed
litchi_formalin (987),80.72676849,3.710110892,4.551599906,19.07491691,0.270885563,356.7249175,4.615239132,Formalin-Mixed
litchi_formalin (988),81.39001083,3.056209558,4.766521644,19.03125322,0.330399167,271.093126,4.272648071,Formalin-Mixed
litchi_formalin (989),76.41550561,3.631736177,4.548969183,18.68275106,0.416752382,409.4198614,4.167951004,Formalin-Mixed
litchi_formalin (990),78.80064957,3.764649612,4.895254191,17.79652226,0.268085854,440.6135573,2.260413721,Formalin-Mixed
litchi_formalin (991),79.45829281,3.778514295,4.783300859,19.56256155,0.208888256,262.0072626,2.06492207,Formalin-Mixed
litchi_formalin (992),78.65279232,3.770111652,4.861983937,18.49031396,0.334793249,328.2702677,3.782038103,Formalin-Mixed
litchi_formalin (993),78.03853476,3.226282627,4.709258193,19.96079396,0.546148321,347.503209,4.589401888,Formalin-Mixed
litchi_formalin (994),76.34382854,3.975398478,4.690745647,19.27747927,0.21738736,279.294152,3.753324392,Formalin-Mixed
litchi_formalin (995),78.41753551,3.995182121,4.549104445,16.17723924,0.371571624,423.5417896,2.639704596,Formalin-Mixed
litchi_formalin (996),77.80850379,3.075595875,4.761927804,17.28237563,0.504880309,306.829929,2.271559694,Formalin-Mixed
litchi_formalin (997),80.56894354,3.936446423,4.757251082,18.28750287,0.581273039,406.601708,4.098789358,Formalin-Mixed
litchi_formalin (998),80.34523051,3.289449194,4.734051022,18.88587815,0.59419016,384.1988964,4.165310832,Formalin-Mixed
litchi_formalin (999),75.93799077,3.689284082,4.870259182,18.20134599,0.368787752,369.6091645,2.517595102,Formalin-Mixed
litchi_formalin (1000),75.61963337,3.338110921,4.9162522,19.14452169,0.580153718,288.4285697,2.084570946,Formalin-Mixed
